지점,일시,평균기온(°C),최저기온(°C),최저기온 시각(hhmi),최고기온(°C),최고기온 시각(hhmi),강수 계속시간(hr),10분 최다 강수량(mm),10분 최다강수량 시각(hhmi),1시간 최다강수량(mm),1시간 최다 강수량 시각(hhmi),일강수량(mm),최대 순간 풍속(m/s),최대 순간 풍속 풍향(16방위),최대 순간풍속 시각(hhmi),최대 풍속(m/s),최대 풍속 풍향(16방위),최대 풍속 시각(hhmi),평균 풍속(m/s),풍정합(100m),평균 이슬점온도(°C),최소 상대습도(%),최소 상대습도 시각(hhmi),평균 상대습도(%),평균 증기압(hPa),평균 현지기압(hPa),최고 해면기압(hPa),최고 해면기압 시각(hhmi),최저 해면기압(hPa),최저 해면기압 시각(hhmi),평균 해면기압(hPa),가조시간(hr),합계 일조 시간(hr),1시간 최다일사 시각(hhmi),1시간 최다일사량(MJ/m2),합계 일사(MJ/m2),일 최심신적설(cm),일 최심신적설 시각(hhmi),일 최심적설(cm),일 최심적설 시각(hhmi),합계 3시간 신적설(cm),평균 전운량(1/10),평균 중하층운량(1/10),평균 지면온도(°C),최저 초상온도(°C),평균 5cm 지중온도(°C),평균 10cm 지중온도(°C),평균 20cm 지중온도(°C),평균 30cm 지중온도(°C),0.5m 지중온도(°C),1.0m 지중온도(°C),1.5m 지중온도(°C),3.0m 지중온도(°C),5.0m 지중온도(°C),합계 대형증발량(mm),합계 소형증발량(mm),9-9강수(mm),안개 계속시간(hr)
119,2002-01-01,-4.5,-7.4,2357,1.4,12,,,,,,,11.5,320,1216,7.3,340,1302,3.8,3283,-14.8,30,1600,49.3,2.1,1017.5,1024.5,2141,1015.7,0,1021.9,9.6,8.8,1200,1.93,11.12,,,,,,1.1,1.1,-1.1,-8.9,-.2,.2,1,2,4.6,8.5,11,16.7,17.9,,2.2,,
119,2002-01-02,-9.2,-11.6,2308,-6.5,1345,,,,,,,10.4,290,1255,6.4,320,1353,3.5,3024,-22.4,27,939,37.3,1,1020.3,1026.5,2200,1023,1258,1024.8,9.7,8.7,1200,1.88,10.96,,,,,,0,0,-5.8,-13.1,-2.8,-1.1,.6,1.8,4.6,8.3,10.9,16.7,17.8,,1.5,,
119,2002-01-03,-6.5,-13.3,755,-1.1,1448,,,,,,,5,250,1607,3.5,250,1608,1.4,1210,-15.2,33,1336,53.5,2,1019.3,1027.1,1025,1018.8,2350,1023.7,9.7,8,1200,1.77,9.68,,,,,,3.6,2.4,-4.6,-14.6,-3.2,-2.1,-.3,1.3,4.5,8.1,10.7,16.6,17.8,,1.7,,
119,2002-01-04,1.3,-3.5,639,6.3,1306,.8,,,,,0,8.8,340,2322,5.4,290,1451,2.7,2333,-4.3,49,2351,66.6,4.6,1010,1019,0,1011.1,1542,1014.3,9.7,1.4,1200,1.18,6.13,,,,,,7.5,4.9,-.3,-6,-.9,-.6,0,1.2,4.3,8.2,10.7,16.7,17.8,,1.8,0,
119,2002-01-05,-1.1,-5.9,2329,1.6,0,,,,,,,8.7,320,918,5.5,340,1106,2.6,2246,-12.5,27,1358,41.6,2.4,1017,1025,2258,1014.7,13,1021.3,9.7,8.7,1200,1.81,10.58,,,,,,0,0,.3,-8.6,-.5,-.1,.2,1.4,4.1,7.9,10.5,16.4,17.7,,1.6,,
119,2002-01-06,-1.4,-8.4,646,5.1,1521,,,,,,,5,90,1021,3.9,110,1039,1.2,1037,-10.8,21,1523,49.8,2.7,1018.5,1026,1022,1017.6,2358,1022.8,9.7,8.5,1200,1.74,10.31,,,,,,2.4,0,-.8,-10.6,-1.4,-.7,.4,1.8,3.9,7.7,10.4,16.3,17.7,,1.5,2.5,
119,2002-01-07,-2.5,-6.8,2343,3.5,347,4.83,,,,,2.6,13.1,270,1220,7.8,290,1230,4.7,4061,-10.2,28,340,57.9,3,1013.1,1022.1,2327,1011.5,356,1017.4,9.7,3.8,1200,1.94,7.73,.8,510,.8,510,.8,6.1,5.3,-.8,-8,-.4,0,.5,1.7,4.1,7.9,10.3,16.2,17.8,,2,.1,
119,2002-01-08,-6.5,-8.2,2334,-3.8,1353,,,,,,,11.1,290,1108,7.3,320,937,4.3,3715,-16.1,38,1307,49.6,1.8,1019.6,1027.3,2348,1021.9,0,1024.1,9.8,8.2,1200,1.77,10.12,,,,,,.6,.4,-4.9,-9.7,-2.4,-1,.5,1.7,4.1,7.8,10.1,16.2,17.5,,1.8,,
119,2002-01-09,-4.8,-10.9,709,.1,1540,,,,,,,5.3,250,1153,3.8,320,1153,1.1,950,-13.1,27,1549,56.3,2.3,1020.6,1028.1,1018,1020.9,2357,1025,9.8,8.8,1200,1.71,10.33,,,,,,1.6,1.6,-3.3,-12.5,-2.5,-1.6,-.2,1.1,4.1,7.8,10,16.2,17.6,,1.7,,
119,2002-01-10,2.1,-3.6,24,5.1,2048,.22,,,,,0,4.7,250,2054,3.7,90,2053,1.5,1296,-3.3,54,319,67.3,5,1009.7,1020.9,0,1010,1656,1013.9,9.8,.4,1300,.76,2.7,,,,,,9.5,5.9,-.5,-4.6,-.8,-.6,.1,1.2,3.9,7.6,10,16.2,17.6,,1.8,0,
119,2002-01-11,1.9,-2.2,2400,7.6,1427,,,,,,,7.3,320,351,4.1,320,359,1.7,1469,-3.5,32,1522,69.8,4.8,1013.4,1020,2303,1012.3,0,1017.6,9.8,8.2,1200,1.69,9.74,,,,,,1.9,1.9,1.7,-5.7,0,0,.3,1.4,4.1,7.8,10.1,16.3,17.6,,1.4,,4.67
119,2002-01-12,3.1,-3.9,532,10.4,1538,,,,,,,3.6,90,1154,2.8,110,1245,.6,518,-2.7,43,1329,68.5,5.1,1015.7,1021.7,1013,1018.7,1456,1019.9,9.8,4.6,1300,1.26,7.05,,,,,,2.1,1.3,.7,-6.3,-.2,.1,.6,1.6,3.8,7.3,9.5,15.9,17.4,,1,,
119,2002-01-13,7,1,424,12.1,1436,,,,,,,8.9,110,2107,5.9,110,2326,2.4,2074,.2,46,1437,63.3,6.2,1017.1,1022.8,2244,1019.9,446,1021.3,9.8,1.7,1300,1.31,5.95,,,,,,6.9,2.3,2,-2.1,1.4,1,1.3,1.9,3.9,7.4,9.6,15.7,17.5,,1.2,.7,
119,2002-01-14,11,6.4,40,15.3,1558,3.42,,,,,.7,7.7,90,13,5.6,90,23,2.7,2333,5.5,57,1536,69.1,9.1,1015.9,1022.8,1,1017.7,2322,1020,9.9,.6,1300,.95,5.18,,,,,,9.4,6.9,5,4,6.4,5.5,4,3.5,3.8,7.2,9.7,15.7,17.2,,.6,8.6,
119,2002-01-15,12,10.4,229,13.3,1504,8.53,,,,,8.8,7.6,320,505,3.9,340,512,1.3,1123,10.7,72,4,91.8,12.8,1010.1,1018.5,118,1009.9,2352,1014.2,9.9,0,1300,.31,1.73,,,,,,10,7.4,6.4,7.5,9,8.5,7.3,5.9,3.8,7.1,9.5,15.7,17.2,,.4,5.4,4.08
119,2002-01-16,7.2,3.3,2355,12,12,12.32,,,,,7.1,6.5,90,1235,4.7,70,1600,2.6,2246,4.3,68,1302,81.5,8.4,1007.7,1015.8,2350,1008.5,542,1011.9,9.9,0,1200,.45,1.89,,,,,,10,5.1,5.1,1.3,8,8.4,7.4,7.1,4.4,7.2,9.3,15.5,17.1,,.3,3.9,
119,2002-01-17,1.7,-.7,2350,3.5,1341,7.42,,,,,2.4,5.7,270,1547,4.3,250,1531,1.8,1555,-.7,77,1621,84.9,5.8,1014,1020.2,2355,1015.5,59,1018.2,9.9,.2,1300,1.17,3.14,,,,,,8,4.9,1.7,-3.6,4.9,5.9,6,6.3,5.6,7.2,9.2,15.4,17,,.4,.4,
119,2002-01-18,.6,-2,140,4.9,1504,,,,,,,5.5,110,1313,3.6,90,1449,1.5,1296,-2.4,61,1426,80.5,5.1,1018,1023.5,2133,1020.1,21,1022.3,10,3.7,1400,1.45,6.76,,,,,,4.3,4,2.6,-5,3.2,4.2,4.8,5.4,5.8,7.4,9.3,15.4,17,,1,,
119,2002-01-19,3.5,-1.5,36,9.6,1427,,,,,,,6.8,50,1715,6,90,1005,2.1,1814,-1,50,1415,73,5.7,1019.5,1024.8,1025,1022.2,1406,1023.8,10,3.3,1100,1.39,8.18,,,,,,6.5,6,2.8,-4.4,3.6,4.2,4.2,4.2,5.7,7.6,9.4,15.4,17.1,,.6,,
119,2002-01-20,.7,-.9,2347,2.7,1044,9.78,,,,,5.8,6,140,656,3.9,270,1735,3,2592,-1,76,1147,87.6,5.7,1016.6,1023.9,308,1018.6,2344,1020.9,10,0,1400,.24,1.51,.7,2024,.7,2024,.7,9,7.3,1.2,-2.3,3,4.1,4.6,5.1,5.8,7.9,9.5,15.4,17.1,,.4,5.9,
119,2002-01-21,-1.4,-3.9,2200,1,1449,4.82,,,,,2.3,12.2,250,1716,4.9,290,2106,.6,518,-5.2,52,1713,77.3,4.3,1011.6,1018.6,0,1013,1404,1015.9,10,.7,1400,.7,3.85,3.3,940,3.8,940,3.3,7.4,5,.2,-5.3,2.2,2.9,3.7,4.5,5.6,7.8,9.4,15.4,17.1,,.3,2.2,
119,2002-01-22,-4.4,-6.4,2341,-2.5,1258,4.87,,,,,0,12.6,270,1241,6.3,320,2053,3.9,3370,-12.5,40,1235,55.8,2.4,1015.1,1021.9,2254,1017,111,1019.5,10.1,3.1,1200,1.87,7.91,,,,,,2.4,2.1,-1.9,-7.9,.4,1.6,2.8,3.8,5.6,7.9,9.5,15.2,17,,1.6,0,
119,2002-01-23,-4.4,-7,554,-1,1429,,,,,,,8.5,320,1055,5.4,270,1545,3,2592,-13.8,33,1411,52.1,2.1,1020.4,1027.5,2358,1021.8,0,1024.8,10.1,8.7,1200,2,11.89,,,,,,0,0,-1.2,-8.6,-.8,.7,1.9,3,5.5,7.9,9.5,15.1,16.9,,1.7,,
119,2002-01-24,-4.1,-8.9,653,.7,1401,,,,,,,6.5,250,1502,4.5,250,1556,1.5,1296,-12.4,31,1226,56.1,2.4,1024.8,1030.8,2305,1027.4,0,1029.2,10.1,9.2,1200,2.02,12.35,,,,,,0,0,-.7,-11.3,-1.5,.2,1.4,2.5,4.8,7.8,9.4,14.9,16.9,,1.8,,
119,2002-01-25,-3.5,-9.4,632,2.9,1515,,,,,,,3.9,110,1100,3,110,1100,.7,605,-11.6,24,1530,57.4,2.6,1025.4,1032.8,842,1027.5,2315,1029.8,10.1,9.3,1200,1.96,12.22,,,,,,0,0,-.5,-11.3,-1.7,.2,1.1,2.2,4.6,7.7,9.4,14.9,16.8,,1.7,,
119,2002-01-26,.2,-4.4,301,3.6,1318,10.72,,,,,1.8,5.1,70,1334,3.7,90,1339,1.2,1037,-4.1,48,1308,73.8,4.6,1018.1,1027.7,4,1019.7,1546,1022.4,10.2,0,1300,.51,3.24,,,,,,8.1,4.5,-.7,-6.9,-.8,0,.9,2.1,4.5,7.6,9.4,14.9,16.8,,.3,1.9,
119,2002-01-27,-1,-4,2306,.7,0,.27,,,,,.1,7.9,270,1236,4.9,270,1244,2.4,2074,-6.8,53,545,65.3,3.7,1017.1,1023.6,2347,1019.4,150,1021.5,10.2,2.3,1300,1.33,6.33,,,,,,5.1,3.9,-.5,-5.9,-.4,.7,1,2.2,4.6,7.8,9.5,15,16.8,,1,,
119,2002-01-28,-3.6,-6.2,253,0,1316,,,,,,,11.9,320,1629,6.3,290,1520,3.2,2765,-13,30,1337,51.5,2.3,1019.6,1025.6,2251,1022.7,1458,1024.1,10.2,7.3,1200,2.13,11.95,,,,,,.6,.6,-1.3,-8.3,-.8,.4,1.2,2.1,4.3,7.4,9.2,14.7,16.9,,2.3,,
119,2002-01-29,-2.3,-7.5,636,1.9,1430,.45,,,,,.2,7.4,250,1501,5.1,270,1500,2.1,1814,-11.6,23,1215,52.9,2.7,1019.8,1026.5,920,1022.1,2340,1024.2,10.3,7.9,1200,2.13,12.65,.4,2257,.4,2257,.4,3.3,3.3,-.3,-10.1,-1.1,-.1,1,2,4.1,7.3,9.1,14.7,16.7,,1.2,.2,
119,2002-01-30,-1.3,-4.2,2354,2,1409,,,,,,,9.2,250,1453,5.4,270,1600,2.6,2246,-11.1,30,1424,47.9,2.7,1021.1,1028.6,2316,1021.8,102,1025.4,10.3,8.3,1200,1.95,12.15,,,.4,0,,0,0,.8,-6.9,-.3,.2,1.1,2,3.9,7.1,9,14.6,16.7,,2.6,,
119,2002-01-31,-3.2,-8.1,753,.8,1349,,,,,,,7.7,250,1254,5.8,250,1437,1.7,1469,-13.1,23,1229,49.5,2.3,1024.9,1030.5,1129,1028.2,1525,1029.3,10.3,9.4,1200,2.11,13.19,,,,,,0,0,-.1,-10.7,-1.3,.1,1.1,2,3.9,7.1,9,14.6,16.7,,1.6,,
119,2002-02-01,-.9,-7.9,602,5.4,1426,,,,,,,8.2,200,1427,5.7,250,1540,1.7,1469,-7.2,44,1026,63.1,3.7,1022.9,1030.3,48,1025.4,1556,1027.3,10.3,4.8,1100,1.65,9.48,,,,,,5.1,4.8,-.6,-9.9,-1.2,-.2,.9,1.8,3.9,7,8.9,14.6,16.7,,1.4,,
119,2002-02-02,1.9,-3.3,2345,8.2,1501,,,,,,,5.8,320,1616,3.9,340,1546,1.3,1123,-4.4,22,1615,66.4,4.5,1022.2,1028.1,2320,1025.1,1425,1026.5,10.4,6.6,1200,1.88,10.28,,,,,,3.9,3.3,2.6,-5.6,-.1,.3,1.1,1.9,4,7.1,8.9,14.6,16.7,,1.8,,
119,2002-02-03,.8,-6.5,717,8.9,1454,,,,,,,5.2,270,1616,3.5,290,1600,.8,691,-5.8,25,1518,67.1,4,1024.3,1030.1,1022,1027.5,1350,1028.6,10.4,8.6,1300,2.06,12.24,,,,,,0,0,2.3,-7.8,0,.9,1.6,2.2,4.7,7.1,8.9,14.6,16.7,,1.9,,
119,2002-02-04,1.2,-4.7,507,7.8,1433,,,,,,,3.6,230,1344,2.1,230,1347,.4,346,-5.5,34,1538,64.5,4.1,1021.1,1028.8,0,1022.2,2347,1025.4,10.4,1.4,1300,1.49,6.68,,,,,,4.8,.5,.1,-6.8,.6,1.4,2.1,2.5,3.9,6.8,8.8,14.4,16.9,,2.1,,
119,2002-02-05,2.7,-3.8,730,8.6,1431,,,,,,,6,290,1558,4.1,250,1445,1.1,950,-6.8,20,1454,53.1,3.8,1015.8,1022.4,6,1018.2,1515,1020.1,10.5,8.3,1300,1.74,11,,,,,,1.6,1,2.3,-6,2.2,2.6,2.6,2.9,3.9,6.8,8.6,14.4,16.8,,2.1,,
119,2002-02-06,4.2,.6,6,8.6,1536,.83,,,,,0,9.2,270,2127,6.1,270,2300,2.3,1987,-.8,57,1419,69.3,5.8,1013.8,1020.3,15,1015.4,1637,1018,10.5,1.8,1300,1.51,6.83,,,,,,8.8,6.3,2.9,-1.3,3.4,3.5,3.3,3.5,4,6.8,8.6,14.4,16.8,,2.4,0,
119,2002-02-07,2.2,-3,752,8.5,1456,,,,,,,6.5,270,1548,4.3,250,1451,1.7,1469,-8,12,1529,51.8,3.5,1017.8,1024.3,1043,1018.4,0,1022.1,10.6,8.8,1300,2.13,13.34,,,,,,0,0,3.5,-5.4,3.1,3.8,3.9,4,4.2,6.5,8.5,14.2,16.4,,2.2,,
119,2002-02-08,-.7,-5.3,2147,4,1547,1.67,,,,,0,10.3,320,1936,5.7,320,1943,2.1,1814,-9.1,27,1916,55.5,3.4,1014.3,1022.3,4,1015.4,1453,1018.6,10.6,1.8,1600,.69,3.59,,,,,,4,2.1,-.6,-6.1,1.2,2.3,3.3,3.8,4.6,6.7,8.6,14.3,16.5,,1.7,0,
119,2002-02-09,-2.8,-6.3,540,.3,1301,,,,,,,8.9,360,1358,5.9,360,1401,2.8,2419,-18.3,16,1058,32.1,1.6,1019.2,1026.3,1118,1021.4,1625,1023.6,10.6,7.3,1100,2.08,12.95,,,,,,3,1.1,.2,-8,-.2,1.1,2.3,3.1,4.6,6.8,8.6,14.3,16.5,,2.3,.1,
119,2002-02-10,-2,-6.1,801,1.7,1357,4.33,,,,,.1,7,320,1446,4.7,320,2327,2.2,1901,-9.5,28,2116,60.5,3.2,1015.1,1022.6,23,1016.7,1548,1019.5,10.7,4.1,1300,1.7,9.21,.2,255,.2,255,.2,5.1,3.8,.3,-7.1,.1,1.2,2,2.7,4.2,6.6,8.5,14.2,16.5,,1.9,0,
119,2002-02-11,-3.6,-8.9,649,2.5,1336,2.52,,,,,1.1,14.2,270,1452,8.4,290,1456,2.8,2419,-14.5,20,1625,46.1,2.1,1016.1,1024.1,2216,1016.3,1408,1020.5,10.7,5.5,1400,1.86,9.49,1.5,1043,1.5,1043,1.5,2.8,2.4,-.5,-10,-.2,.9,1.8,2.6,4.3,6.8,8.5,14.2,16.5,,.9,1.1,
119,2002-02-12,-3.3,-8.8,718,1.1,1351,,,,,,,6.5,250,1506,4.6,270,1153,1.8,1555,-14.2,19,1325,46,2.1,1019.1,1024.4,826,1021.8,1505,1023.5,10.7,6.8,1200,2.27,13.12,,,,,,3,.3,-.5,-10.5,-.9,.3,1.5,2.3,4,6.5,8.3,14.1,16.5,,2.4,,
119,2002-02-13,-1.4,-6.4,719,3.3,1322,,,,,,,8.7,270,1357,5.8,270,1358,2.2,1901,-11.5,24,1254,48.3,2.6,1022.2,1030.1,2340,1023.9,0,1026.6,10.8,9.8,1200,2.39,15.34,,,,,,0,0,1.6,-7.8,-.6,.4,1.5,2.2,3.9,6.7,8.3,14.1,16.5,,2.1,,
119,2002-02-14,-1.6,-9,632,5,1421,,,,,,,8.1,320,1234,5.3,270,1556,1.7,1469,-13.4,13,1514,43,2.2,1027,1033,859,1030,7,1031.4,10.8,9.8,1200,2.4,14.89,,,,,,.4,0,1.8,-9.8,-.6,.7,1.4,2.3,4.1,6.7,8.5,14.2,16.5,,2.4,,
119,2002-02-15,-1.2,-8.3,718,5,1357,,,,,,,7.4,270,1417,5.2,250,1419,1.5,1296,-7.7,24,1446,65.1,3.5,1025.8,1031.9,234,1028.4,1706,1030.2,10.8,9.8,1200,2.22,15.72,,,,,,.3,0,2,-10.2,-.4,.9,1.7,2.4,3.8,6.6,8.3,13.8,16.1,,2.2,,
119,2002-02-16,.3,-4.6,427,4.7,1600,,,,,,,4.6,200,1435,2.6,200,1428,.8,691,-3.8,57,1526,76.3,4.7,1020.4,1029,0,1021.8,2019,1024.7,10.9,0,1300,1.28,6.4,,,,,,5.4,2.6,.2,-7.3,.9,1.6,2.1,2.7,3.8,6.6,8.2,13.7,16.1,,1.1,,
119,2002-02-17,.3,-2.8,2317,4.6,1439,1.9,,,,,.5,10.5,270,1616,6.7,270,1558,2.4,2074,-4.4,46,1835,71.1,4.6,1013.9,1023,2400,1014.2,1327,1018.2,10.9,1.6,1600,.91,2.9,,,,,,4.6,3.4,-.2,-4.7,1.1,1.9,2.3,2.9,3.9,6.5,8.3,13.7,16.1,,.9,.5,
119,2002-02-18,-2.9,-6.7,642,1.1,1516,,,,,,,11.1,340,1032,6.6,320,1037,4.4,3802,-15.3,23,1320,39,1.9,1023.2,1030.5,2302,1023,0,1027.6,10.9,10.1,1200,2.5,16.33,,,,,,0,0,.9,-7.2,-.2,1.2,2,2.6,3.6,6.5,8.2,13.6,15.9,,1.8,,
119,2002-02-19,-2.5,-7.9,706,1.9,1359,,,,,,,8.6,320,340,5.3,320,334,2.7,2333,-16.8,18,1400,35.1,1.7,1027.7,1033.6,2205,1029.2,210,1032.1,11,10,1200,2.36,15.59,,,,,,0,0,1,-8.3,-.6,.9,1.6,2.5,3.9,6.5,8.2,13.6,15.9,,2.1,,
119,2002-02-20,.2,-8.2,623,7.7,1355,,,,,,,7.8,250,1506,5,270,1533,1.5,1296,-6.4,44,1356,64,4,1026.3,1033.5,17,1026.9,2345,1030.6,11,9.8,1200,2.36,15.4,,,,,,1.6,.8,2.6,-9.6,-.1,1.2,1.9,2.5,3.9,6.4,8.2,13.6,15.9,,2.3,,
119,2002-02-21,.5,-4,459,3.9,1208,5.33,,,,,1.5,4.3,70,1627,3.5,90,1620,1.1,950,-2.9,46,1212,79.9,5,1020.8,1027.2,14,1023.4,1817,1025.1,11,0,1000,.81,3.98,,,,,,7.5,3,.4,-5.3,1.3,2.6,2.5,2.9,3.9,6.4,8,13.7,15.9,,1.2,1.5,
119,2002-02-22,1.3,-1.1,18,6.4,1603,,,,,,,7,270,1522,4.8,270,1445,1.5,1296,-2.5,43,2306,76.9,5.1,1021.9,1028.3,945,1024.7,17,1026.3,11.1,3.5,1400,1.53,7.03,,,,,,5.6,3.6,3.1,-3.5,2.9,3.2,2.9,3.2,3.9,6.5,8,13.7,15.9,,1.2,,2.47
119,2002-02-23,1.7,-2.3,611,7.6,1251,,,,,,,9.4,250,1442,5.7,250,1338,1.8,1555,-6.8,24,1357,56.9,3.7,1020.1,1026.8,146,1022.1,1628,1024.4,11.1,7.5,1200,2.43,13.82,,,,,,3.4,.3,3.2,-4.9,2.6,3.5,3.4,3.7,4.1,6.4,8,13.3,15.9,,2.2,,
119,2002-02-24,3,-4.9,601,11.1,1429,,,,,,,6.2,110,1115,4.1,110,1119,1.2,1037,-5.6,27,1453,57.5,4.1,1021.4,1027.8,904,1023.3,1723,1025.7,11.2,9.8,1200,2.49,16.33,,,,,,1,0,5.3,-7.3,3,3.7,3.7,3.9,4.6,6.3,7.1,13.2,15.9,,2.4,,
119,2002-02-25,3.4,-.6,705,8.4,1338,,,,,,,6,270,1416,4.4,250,1425,1.4,1210,-3.7,26,1412,61.4,4.7,1020,1026.5,114,1022.2,1713,1024.3,11.2,2.7,1200,1.76,10.99,,,,,,9,5.5,4.4,-3.4,4.4,4.9,4.5,4.5,4.6,5.5,8,13.4,15.7,,2.8,,
119,2002-02-26,4,-1.1,312,10.4,1528,,,,,,,5.3,250,1543,3.4,270,1550,1.2,1037,-2.9,28,1532,64.4,5,1017.3,1023.9,852,1019.3,1535,1021.5,11.2,7,1300,2.04,12.49,,,,,,6.8,2,6.1,-3.1,5.1,5.7,5.2,5.2,4.8,6.5,8,13.2,15.6,,1.6,,
119,2002-02-27,3.9,-.4,251,10.1,1417,,,,,,,4.8,230,1505,3.5,270,1600,1.3,1123,-.5,34,1650,75.3,5.9,1015,1021.6,906,1016.6,1542,1019.2,11.3,2.4,1200,1.94,9.38,,,,,,9.8,5,6.1,-1.9,5.7,6,5.6,5.4,5,6.5,8,13.5,15.8,,1.8,,6.3
119,2002-02-28,3.6,-1.6,2352,10,1426,,,,,,,6.5,320,1526,4.7,270,1439,2.1,1814,0,53,1409,78.6,6.1,1016.9,1024.3,2400,1018.5,409,1021.1,11.3,7.4,1300,2.32,13.88,,,,,,6.3,2.9,8.1,-1.7,6.9,7.1,6.3,6.1,5.5,6.7,8.1,13.2,15.7,,2.8,,5.4
119,2002-03-01,3.3,-1.8,136,12,1419,,,,,,,5.9,270,1553,4.2,270,1600,1.3,1123,-1.2,42,1354,75.1,5.6,1019.9,1026.4,803,1022.3,1508,1024.2,11.4,5.8,1200,1.87,11.51,,,,,,4.6,1.3,6.8,-2.1,6.6,6.9,6.8,6.7,5.6,6.3,8,13.3,15.7,,1.7,,9.33
119,2002-03-02,3.3,-3.7,517,10.9,1541,,,,,,,6.3,270,1449,4.3,270,1649,1.7,1469,-2.3,41,1551,68.9,5.2,1019.9,1025.7,824,1022.7,1414,1024.2,11.4,3.5,1200,1.69,9.82,,,,,,6.4,1.9,5.1,-4.3,5.5,6.2,6,6.3,6.1,7,8,13.2,15.4,,1.9,,2.17
119,2002-03-03,1.7,-2,704,8.6,1336,,,,,,,8.1,270,1522,4.8,270,1400,2,1728,-4.5,27,1619,65.9,4.4,1021.2,1026.9,938,1023.9,1746,1025.5,11.4,7.6,1100,2.19,15.23,,,,,,1.5,.9,4.7,-4.7,5.1,6.1,6,6.2,6.2,7,8.2,13.2,15.4,,.9,,
119,2002-03-04,1.6,-5.3,532,7.7,1331,,,,,,,5.1,250,1332,3.7,270,1648,1.4,1210,-8,21,1333,51.6,3.4,1020.6,1028.5,917,1021.1,2349,1024.9,11.5,4.9,1100,2.03,12.24,,,,,,6.8,3.8,3.4,-6.9,4.2,5.3,5.5,5.8,6.3,7.2,8.3,12.9,15.3,,1.8,0,
119,2002-03-05,2,-.1,2238,4.3,1339,10,,,,,.8,6.6,290,2157,4.4,320,1742,1.8,1555,-3.2,43,334,68.1,4.9,1010.7,1021.2,3,1011.5,2056,1015,11.5,0,1100,1.19,5.18,,,,,,9.9,6,3.8,-.5,4.6,5.4,5.6,5.9,6.2,7.1,8.3,13,15.3,,.8,3.3,
119,2002-03-06,.7,-2.2,2340,3.5,1615,8.05,,,,,2.5,13.5,250,1714,7.9,290,1710,3.9,3370,-6.1,31,1716,62.8,4.2,1008.1,1017.5,2338,1009.3,643,1012.4,11.6,2.1,1600,1.21,5.29,.5,415,.5,415,.5,6.3,4.1,1.5,-3.2,3.5,4.7,5.2,5.6,6.3,7.4,8.4,13,15.3,,.8,0,
119,2002-03-07,-.6,-6.3,652,2.8,1530,,,,,,,9.9,250,1516,6.6,270,1330,3,2592,-11,24,1053,44.6,2.7,1017.7,1025.7,2322,1017.4,0,1022,11.6,10.9,1200,2.8,19.2,,,,,,0,0,2.9,-7.7,2.5,3.8,4.3,4.9,6,7.5,8.5,13,15.3,,3.2,,
119,2002-03-08,1.8,-5.6,301,8.3,1531,,,,,,,7.2,290,1415,4.6,270,1331,1.6,1382,-6.6,22,1506,58.9,3.8,1023.7,1029.9,959,1025.7,0,1028,11.6,10.8,1200,2.85,19.62,,,,,,0,0,4.5,-7.2,3.9,4.7,4.6,4.9,6,7.5,8.5,13.1,15.2,,2.5,,
119,2002-03-09,8.4,-.8,14,15.5,1516,,,,,,,13,250,1600,8.1,250,1412,2.9,2506,.1,27,1536,58.4,6.3,1019.1,1028.1,111,1018.7,2342,1023.3,11.7,9.1,1200,2.47,16.49,,,,,,4.4,4.4,7.7,-4.4,6.3,6.5,5.8,5.7,5.9,7.5,8.5,13.1,15.2,,2.9,3.8,
119,2002-03-10,8.2,4.4,2355,12.3,1242,4,,,,,3.8,10.4,250,1537,7.3,290,1450,3.6,3110,-1.6,22,2135,54.6,6,1014.6,1022.3,2254,1015.7,436,1018.8,11.7,7,1200,2.75,15.39,,,,,,4.5,3.3,9.7,2,8.6,9,7.7,7.3,6.2,7.5,8.6,12.9,15.4,,2.9,,
119,2002-03-11,5.1,-.7,531,11.4,1248,,,,,,,8.9,250,1303,6,250,1400,2.2,1901,-4.3,28,57,51.4,4.5,1017,1023,819,1019.7,2032,1021.2,11.8,10.6,1200,2.78,19.09,,,,,,0,0,6.4,-4.4,6.4,6.9,7.2,6.8,6.7,7.4,8.5,12.9,15.2,,3.1,,
119,2002-03-12,6.6,-.2,605,15.1,1443,,,,,,,5.1,270,1608,3.5,270,1613,1.3,1123,-.7,33,1434,62.8,5.9,1017.2,1023.3,2327,1019.3,1434,1021.4,11.8,9.6,1200,2.5,16.87,,,,,,0,0,8.2,-3.2,7.4,8,7.3,7.4,7,7.6,8.5,12.9,15.2,,2.7,,
119,2002-03-13,9.3,1.3,548,19,1455,,,,,,,6.1,250,1347,4.1,250,1425,1.5,1296,-3.1,14,1451,48.6,5,1017.1,1023.9,850,1018.9,1603,1021.2,11.8,9.5,1200,2.45,17.38,,,,,,2.8,0,10.2,-1.6,8.6,9,8.2,7.9,7.1,7.8,8.5,12.9,15.1,,4.3,,1.33
119,2002-03-14,9.1,4.6,445,14.6,1111,7,,,,,.3,6.5,110,1545,4.4,140,1530,1.5,1296,1.4,33,1346,59.1,6.9,1006.7,1019.5,0,1005.9,1937,1010.8,11.9,.1,1000,1.35,5.92,,,,,,7.9,3.6,7.3,1.9,8.4,9,8.5,8.5,7.6,7.5,8.3,12.8,15,,1.3,.6,
119,2002-03-15,6.6,2.4,2306,10.7,1333,3.03,,,,,.3,9.6,270,1410,7,290,1417,2.6,2246,1.5,46,1408,71.6,7,1005.8,1015.5,2359,1006.3,0,1010,11.9,5.1,1300,2.77,12.18,,,,,,5.9,3.3,9.3,-.7,8.7,8.8,8.3,8.4,7.7,7.8,8.3,12.6,14.8,,2.2,0,
119,2002-03-16,7.3,.1,647,15,1404,,,,,,,10.2,230,1536,6.6,230,1540,2.2,1901,-4.3,21,1525,47.9,4.5,1011.7,1017.6,546,1013.9,1615,1015.8,12,9.3,1200,2.68,18.16,,,,,,3,1,8.6,-2.5,8,9,8.1,8.2,7.6,8,8.5,12.6,14.8,,4.3,,
119,2002-03-17,8.7,3.3,707,14.1,1419,,,,,,,9.5,270,1206,5.9,290,1240,2.3,1987,-4.5,14,1534,45.1,4.6,1012.6,1017.9,2350,1015.4,552,1016.8,12,8.4,1200,2.65,17.58,,,,,,4.5,0,10,.9,9,9.2,8.9,8.9,8,7.6,8.2,12.7,14.7,,4.5,,
119,2002-03-18,6.4,3.1,659,12.3,1306,,,,,,,11.4,250,1352,8.6,250,1405,2.7,2333,-1.5,27,1141,59.8,5.5,1015.4,1021,2259,1017.3,101,1019.6,12,10.6,1200,2.76,19.65,,,,,,1,0,9.5,-.2,8.2,10,9.3,9.1,8.2,8.3,8.5,12.6,14.6,,4,,
119,2002-03-19,7.1,1.9,522,13.3,1520,,,,,,,13.1,250,1100,9.5,270,1100,2.6,2246,-1.7,18,1625,55.8,5.5,1013,1020.8,0,1015.2,1602,1017.2,12.1,7.9,1200,2.35,15.75,,,,,,.8,.8,9.2,-1,8.8,9.6,9.3,9.2,8.1,8.4,8.6,12.5,14.5,,3.9,,
119,2002-03-20,11.5,-.2,637,19.3,1429,,,,,,,14.1,200,1701,7.3,230,2231,2.9,2506,4.3,39,1343,62,8.8,1009.1,1019.5,53,1003.9,2400,1013.2,12.1,6.1,1200,2.37,14.74,,,,,,3.9,1.6,11,-2.9,8.3,9.9,9,8.9,8.1,8.5,8.9,12.4,14.5,,4.7,17,
119,2002-03-21,6.8,4.5,600,15.8,0,5.75,,,,,17,11.7,270,127,7.3,270,1518,4.2,3629,.4,30,1429,66.5,6.4,1004.1,1011,1921,1001.6,54,1008.3,12.2,0,1300,1.73,8.89,,,,,,10,5.4,8.4,3.5,9.8,10,9.7,9.7,8.9,8.5,8.9,12.3,14.4,,2.7,,
119,2002-03-22,6,3.5,2306,9.6,1245,,,,,,,14.8,270,1507,8.1,270,1713,4.4,3802,-3.1,17,1433,53.5,5.1,1004.8,1011.5,2350,1006.6,1338,1009,12.2,3.8,1300,2.2,12.93,,,,,,7.1,3.6,6.8,2.3,7.6,8.5,8.5,9,8.8,8.7,8.6,12.2,14.3,,4.2,,
119,2002-03-23,4,.4,442,8.7,1251,,,,,,,12.7,270,1224,6.6,270,1746,3.7,3197,-7.7,23,1229,40,3.5,1010.6,1018.7,2344,1011.4,11,1014.9,12.2,8.4,1200,2.8,16.62,,,,,,3.1,2.8,4.4,-1.6,5.9,6.9,7.4,8.1,8.4,8.8,9,12.1,14.2,,4.1,,
119,2002-03-24,4.3,-1.3,656,9.8,1413,,,,,,,9.7,250,1444,6.6,250,1449,2,1728,-8.5,15,1531,43.4,3.3,1016.4,1021.9,2334,1018.6,6,1020.6,12.3,10.3,1200,2.81,19.97,,,,,,1.6,.6,5.6,-4.4,6.4,7.1,7.4,8.1,8,8.9,9.5,12.1,14.2,,4.2,,
119,2002-03-25,6.1,-1.2,521,12.2,1452,,,,,,,6.6,230,1225,4.4,250,1234,1.6,1382,-.2,31,925,65.1,6.2,1015.6,1022.1,127,1017.8,1747,1019.9,12.3,2.2,1000,1.91,10.97,,,,,,5.3,4.1,6.2,-4.4,6.5,7.2,7.3,7.8,7.8,8.8,9,12,14.1,,2.2,,
119,2002-03-26,7.3,1.2,552,13.2,1406,,,,,,,5.9,270,1448,3.9,320,2122,1.3,1123,-1.1,30,1427,60.5,5.7,1010.7,1018.7,0,1012,1838,1014.9,12.4,1.6,1100,2.03,11.18,,,,,,8.6,6.3,7.4,.3,8.1,8.6,8.1,8.2,8.1,8.8,9.1,11.9,14,,2.8,,7.65
119,2002-03-27,9.6,3.9,641,15.7,1321,,,,,,,9.4,200,1359,6.3,270,1440,2.3,1987,-1.5,25,1832,47,5.6,1012,1019,2236,1012.8,30,1016.1,12.4,10.4,1100,2.73,19.74,,,,,,1.9,1.5,11.3,1.8,9.9,10.1,8.9,8.8,8.3,9,9.2,11.8,13.9,,4.3,,
119,2002-03-28,10.2,1,626,17.9,1500,,,,,,,10,230,1519,7.3,290,1601,1.8,1555,1,32,1318,54.4,6.7,1012.3,1020.2,752,1013.6,1502,1016.5,12.4,8.4,1200,2.88,18.83,,,,,,5.6,1.6,12.9,-1,10.9,11,9.8,9.5,8.9,9,9.3,11.7,13.8,,4,,
119,2002-03-29,11.3,6.7,2359,17,1312,,,,,,,8.7,270,1530,5.7,270,1533,2.1,1814,4.5,38,1253,64.4,8.4,1007.5,1014,11,1009.4,1623,1011.6,12.5,7.2,1200,2.87,17.88,,,,,,5.3,3.1,13.5,4.4,12.5,12.5,10.9,10.5,9.6,9.2,9.5,11.8,13.9,,3.7,,
119,2002-03-30,8.1,4.5,630,13.2,1355,8.07,,,,,11,4.7,110,1357,4.1,140,1357,1.3,1123,4.4,50,1350,78.6,8.4,1007.9,1014.7,939,1009.2,1711,1012.1,12.5,.1,900,1.15,5.91,,,,,,8.3,4.5,8.3,1.7,9.7,10.5,10.4,10.5,10.1,9.5,9.5,11.7,14,,1.1,11,
119,2002-03-31,9.1,6.4,2248,12.4,1321,,,,,,,5.5,250,1603,4.2,250,1549,1.4,1210,6.7,69,1619,85.4,9.8,1010.2,1017.6,2148,1010.3,224,1014.3,12.5,.2,1300,1.62,8.46,,,,,,7.6,4.1,10.5,3.7,10.7,10.9,10,10.2,9.6,9.7,9.7,11.6,14,,1.2,,4.08
119,2002-04-01,11.9,3.9,710,19.7,1403,,,,,,,7.8,250,1320,4.8,270,1337,1.6,1382,3.6,28,1324,63.1,8,1013.3,1018.9,839,1015.9,1713,1017.4,12.6,10.1,1200,3.05,21.81,,,,,,2.5,2.5,14.4,3.5,11.9,11.8,10.8,10.6,9.9,9.8,9.7,11.7,14.1,1.5,3.6,,8.17
119,2002-04-02,14.2,5,621,22.7,1402,,,,,,,6.2,200,1158,4.3,320,1554,1.3,1123,2.2,11,1635,47.8,7.2,1008.7,1017.4,0,1009.8,1929,1012.7,12.6,11,1200,2.91,21.84,,,,,,1.8,1,15.2,1.7,12.9,12.9,11.7,11.4,10.6,9.9,9.6,11.6,14,4.3,5.4,,.83
119,2002-04-03,14.7,9.5,402,21.2,1620,,,,,,,8.8,110,1315,5.9,90,1629,2.7,2333,.1,13,1709,40.4,6.5,1009.5,1017.6,2358,1009.8,351,1013.5,12.7,10.3,1300,2.92,21.23,,,,,,1,0,15.9,5.4,13.6,14.2,13.1,12.6,11.1,10,9.9,11.7,13.9,4.2,5.9,,
119,2002-04-04,13.1,5.1,608,22.1,1423,,,,,,,8.6,290,1506,6.6,270,1452,1.6,1382,-.8,8,1156,40.8,6.1,1014.1,1019.4,932,1016.7,1653,1018.2,12.7,11.4,1200,3.15,23.19,,,,,,.8,0,14.1,.8,13.5,14.1,12.8,12.3,11.4,10.5,10,11.8,14.1,4.7,6.2,,
119,2002-04-05,16.6,6.7,501,25.5,1451,2.58,.5,2306,1,2250,1.4,10.6,140,2315,7.1,140,2320,2.6,2246,3.3,6,1530,39.4,7.9,1010.1,1019.1,58,1010.3,1811,1014.1,12.8,8.8,1200,3.02,21.16,,,,,,4.4,2.5,15.3,4,15.5,15.4,13.5,12.9,11.5,10.5,10,11.7,14,4.2,6.1,15.4,
119,2002-04-06,11.1,8.2,2400,13.8,1242,16.5,2.5,759,9,758,21.5,11.1,140,342,8.1,110,345,3.5,3024,9.3,64,0,88.5,11.8,1001.7,1011,0,1002.1,748,1005.7,12.8,0,1500,.34,1.45,,,,,,10,6.9,11.6,7.5,12.7,13.4,13.3,13.3,12.3,10.9,10.5,11.6,13.9,1.4,2.3,7.5,
119,2002-04-07,8.9,7.3,2348,12.3,1256,3.18,0,,0,,0,6.3,320,1658,5.4,290,1709,2.2,1901,6.7,74,1214,86.9,9.9,1007.1,1012.5,1040,1009.3,1556,1011.2,12.8,0,1100,1.35,4.43,,,,,,9.8,7,10.5,6,11.6,12.1,11.8,12.2,11.8,11.2,10.5,11.7,13.9,1.1,1.3,0,
119,2002-04-08,8.4,5.9,611,13.2,1307,,,,,,,10,250,1345,6.2,250,1450,3.5,3024,-1.5,18,1340,52.4,5.6,1008.6,1014.7,2324,1011.2,1512,1012.7,12.9,6.4,1200,2.69,18.03,,,,,,5.1,3.3,10.2,4.4,10.8,11.5,11.5,11.8,11.6,11.2,10.5,11.8,13.9,3.2,4.7,,
119,2002-04-09,6.6,3.1,615,11.6,1341,,,,,,,9.8,250,1247,6.5,250,1315,3.1,2678,-2,28,1448,56.4,5.3,1011.7,1018.9,2356,1014.1,131,1015.9,12.9,6.5,1100,2.32,16.77,,,,,,1.3,1.3,8.1,1.1,8.9,10.2,10.5,11.2,11.3,11.2,10.6,11.6,13.8,3,3.5,,
119,2002-04-10,7.5,2,608,13.3,1428,,,,,,,9.9,230,1504,5.8,270,1450,2.7,2333,.2,32,1518,62.9,6.2,1015.4,1021.5,2311,1018.1,1615,1019.6,12.9,9.1,1400,2.5,18.92,,,,,,2,0,9,-.3,9.6,10,10.1,10.6,10.9,11.4,10.8,11.9,13.7,2.8,3.6,,
119,2002-04-11,7.9,3,517,14,1414,,,,,,,7.5,270,1454,5.8,270,1454,1.5,1296,-1,20,1701,59.4,5.9,1015.1,1021.4,4,1017.1,1753,1019.2,13,6,1300,2.84,17.6,,,,,,5.3,2.5,9.4,.2,10.4,10.9,10.4,10.8,10.8,11.2,10.8,11.7,14,2,4,,2.53
119,2002-04-12,9.3,6.4,5,15.6,1348,2.17,3,1618,6.5,1607,7,16.1,200,1457,9.7,230,1502,3.3,2851,3.4,50,1259,67.4,7.8,1009.8,1018.2,0,1009.5,1534,1013.9,13,3.2,1100,2.39,11.55,,,,,,8.4,5.3,10.1,3.9,11,11.7,11,11.6,10.9,11.2,11,11.8,13.9,2,2.5,7,
119,2002-04-13,11.1,6.1,243,16,1654,,,,,,,8.3,200,1542,4.4,270,42,2.6,2246,1.2,29,1517,53.5,6.7,1008.5,1016.3,945,1009.8,1811,1012.6,13.1,7.6,1200,2.91,20.05,,,,,,4.6,1.9,12.5,4.9,12.4,12.3,11.6,11.4,11,11.3,11,11.9,13.9,4,4.7,,
119,2002-04-14,18.5,9.9,619,25.5,1252,,,,,,,19.1,200,1435,11.5,200,1432,3.9,3370,5.5,12,1218,41.1,9.1,1006.7,1011.6,2225,1009.5,256,1010.6,13.1,8.2,1300,3.16,21.31,,,,,,5,2.5,16.7,6.6,14.9,14.1,12.8,12.3,11.6,11,11,11.9,13.9,4.1,7.7,0,
119,2002-04-15,20,16.8,731,25.1,1618,2.82,.5,2350,.5,2330,.5,8,160,1150,4.6,180,1136,2.4,2074,13.1,41,6,65.3,15.1,1005.8,1011.6,0,1007.4,1651,1009.7,13.2,4.8,1400,2.22,14.04,,,,,,7.8,5.6,18.8,15.4,17.3,16.9,14.5,13.9,12.6,11.5,11,11.8,13.7,1.4,2.2,16.5,
119,2002-04-16,14,9.5,2201,18.3,0,13.2,2,616,6.5,603,21.5,14,270,1201,8.4,270,1210,3,2592,11.7,64,2339,86.4,14.3,1001.6,1013.5,2329,999.7,1137,1005.6,13.2,0,1100,.44,2.37,,,,,,9.3,5.6,15.1,8.2,16,16.6,15.4,15,13.7,11.7,11,12,13.7,.6,1,5.5,
119,2002-04-17,9.9,6.6,2349,12.9,1222,,,,,,,15.5,250,1359,8.9,270,1400,5,4320,-1.7,21,1723,46.5,5.6,1010.5,1018.5,2352,1010.8,453,1014.6,13.2,10.7,1200,3.22,24.59,,,,,,2.6,1.6,11.8,4.3,12.8,13.3,13.4,13.8,13.3,12.5,11.5,12.1,13.8,2.7,5.4,,
119,2002-04-18,10.2,3.9,459,16.3,1437,,,,,,,10,250,1419,6.4,270,1546,2.3,1987,.4,20,1605,54.6,6.4,1016.4,1023.4,2332,1018.1,402,1020.6,13.3,11.1,1200,3.26,24.76,,,,,,0,0,12.1,1.6,12.4,12.9,12.7,13.1,12.6,12.4,11.5,11.9,13.8,3.8,5.4,,
119,2002-04-19,10.7,3.1,540,18.7,1344,,,,,,,7.1,230,1354,5.4,250,1402,1.4,1210,-2.8,12,1347,46.8,5.2,1018.1,1024.8,557,1019.8,1947,1022.3,13.3,9.8,1200,3.21,22.31,,,,,,2.8,0,12.2,1.1,13.2,13.7,12.8,13,12.7,12.6,11.5,12.1,13.6,2.8,5.1,,
119,2002-04-20,13.1,4,509,21.6,1405,,,,,,,6,270,1741,4.2,270,1637,1.4,1210,0,12,1346,44.8,6.2,1011,1021.1,0,1011.1,1853,1015.1,13.3,11.1,1200,2.97,22.94,,,,,,4,0,13.8,1.7,14.5,14.5,13.3,13.2,12.7,12.6,11.6,12.1,13.6,3.7,5.3,,
119,2002-04-21,15.3,6.3,604,23.2,1420,,,,,,,6.6,270,1551,4.8,270,1553,1.4,1210,6,33,1004,56.1,9.4,1008.3,1013.9,2342,1010.9,1434,1012.3,13.4,10.5,1300,3.1,23.38,,,,,,.6,0,16.3,4.7,17.2,16.9,14.8,14.2,13.1,12.6,11.8,12.1,13.7,3.7,5.4,,
119,2002-04-22,19.3,10.6,542,27.8,1528,,,,,,,7,140,1545,4.5,140,1554,1.4,1210,10.9,30,1449,60.9,13.1,1009.7,1015.7,725,1011.2,1643,1013.6,13.4,11.4,1200,3.13,23.56,,,,,,2.5,.3,19.5,9,20,19.3,16.7,15.5,13.9,12.7,12,12,13.6,4.2,5.7,,
119,2002-04-23,15.6,11.1,2255,21.4,1208,,,,,,,8.9,290,1638,6,270,1641,2.6,2246,10.7,56,1212,73.1,12.9,1009.3,1015.2,2300,1011.1,1534,1013.4,13.4,4.8,1200,2.54,17.64,,,,,,7.6,4.3,18.1,10.4,19.3,19.7,17.7,16.8,14.9,13,12,12.2,13.7,4.7,5,,
119,2002-04-24,10.6,6.5,2351,14,1052,,,,,,,13.2,270,1423,7.6,290,1458,3.8,3283,-1.8,25,1157,43.9,5.5,1013.8,1022.6,2355,1014.2,221,1017.9,13.5,9.7,1200,3.4,24.67,,,,,,1.8,.5,13.7,4.6,16.5,18,16.8,16.6,15.1,13.3,12,12.1,13.7,3.4,5.7,,
119,2002-04-25,9.8,4.2,615,16.2,1444,,,,,,,9.4,270,1515,6.6,270,1500,2,1728,-2.3,19,1306,45.1,5.2,1019,1025.2,804,1021.1,1618,1023.2,13.5,11.8,1200,3.17,24.07,,,,,,1.4,0,13,2,16,16.5,15.6,15.6,14.5,13.6,12.3,12.2,13.7,3,5.1,,
119,2002-04-26,12.5,3.4,543,19.6,1438,,,,,,,6.4,270,1654,4.4,320,1719,1.8,1555,-.8,15,1409,43.6,5.8,1019.9,1026,1031,1021.7,1718,1024.1,13.5,11.7,1200,3.1,23.72,,,,,,3.9,0,16.3,2,18.6,17.1,15.9,15.6,14.1,13.9,12.5,12.1,13.7,3.8,5.6,,
119,2002-04-27,14.4,10.6,408,20.3,1518,,,,,,,7.6,110,1300,4.3,140,1139,2,1728,-.8,10,1413,35.6,5.9,1018.6,1024.9,834,1020,1702,1022.7,13.6,8.2,1200,3.34,22.53,,,,,,4.4,2.4,16.7,8.5,19,18.4,16.7,16.2,14,13.8,12.7,12.3,14,3.9,5.8,,
119,2002-04-28,17,8.3,403,24.8,1542,,,,,,,7,90,1235,5.9,110,1253,2.1,1814,3.8,13,1534,40.1,8,1015.8,1022.9,726,1017,1805,1019.9,13.6,11.8,1200,3.26,24.8,,,,,,3,1.1,17.8,5.6,19.2,19.3,17.3,16.6,14.6,13.7,12.7,12.3,13.8,4.1,6.4,1,
119,2002-04-29,15.3,12.6,851,17.8,103,18.88,2.5,1028,8.5,1742,59,6.4,250,1926,4.4,140,1227,2.5,2160,11.2,41,110,79.6,13.7,1008,1017.8,100,1009.1,2357,1012,13.7,0,1100,.29,1.76,,,,,,9.8,6,14.8,11.8,16.7,17.7,17.1,17.1,15.2,13.9,12.7,12.4,13.7,.3,.6,97,
119,2002-04-30,14,12.6,626,15.9,1,15.28,3,224,9.5,20,41.5,7.6,110,2113,4.9,90,2133,1.7,1469,12.2,80,2154,88.6,14.2,1005.8,1011.7,2337,1008.2,443,1009.8,13.7,0,1000,.45,2.62,,,,,,8.9,5.3,14.9,11.8,15.3,15.9,15.7,16,15.2,14.3,13,12.5,13.7,.3,.5,2.5,
119,2002-05-01,18.2,10.9,532,24.8,1520,,,,,,,10.7,110,1220,8.8,110,1224,3.4,2938,4.8,21,1623,42.6,8.7,1011.6,1019.5,2340,1011.7,0,1015.6,13.7,12.5,1200,3.45,27.17,,,,,,.6,.6,18.7,8.5,17.4,17.1,16.1,15.8,14.9,14.3,13,12.4,13.4,4.7,7,,
119,2002-05-02,17,10.1,438,24.4,1437,2.08,1,2348,1.7,2307,1.7,8.4,140,940,5.6,140,1106,2.8,2419,3.6,14,1440,41.1,8,1013.6,1019.5,0,1015.2,1617,1017.6,13.8,8.6,1200,3.41,23.48,,,,,,5.4,3,16.8,6.7,17.3,17.3,16.1,16.2,15.6,14.3,13.2,12.6,13.5,1.9,4.6,10.2,
119,2002-05-03,14.4,11.8,121,17.5,1411,8.07,1,57,2.5,44,8.5,5,320,1614,3.2,110,734,1.7,1469,11.4,66,1250,82,13.4,1011.8,1018.2,110,1014.2,1438,1015.9,13.8,.1,1100,1.85,7.79,,,,,,10,5.3,16.3,11.3,16.9,17.1,16.3,16.4,15.7,14.5,13.2,12.4,13.4,1.1,1.9,0,
119,2002-05-04,16.9,12.5,532,23.4,1417,,,,,,,7,270,1645,5.1,270,1653,2.2,1901,10.8,43,1151,69.3,12.9,1013.5,1019.6,2342,1015.9,1603,1017.6,13.8,10.6,1200,3.04,23.94,,,,,,2.6,1.4,20,11.1,18.7,18.7,17.1,16.7,15.9,14.7,13.5,12.7,13.6,4.3,5,,
119,2002-05-05,16.9,10.7,553,22.8,1733,,,,,,,6.4,110,1023,3.9,90,1039,1.1,950,8.5,31,1302,62.4,11.2,1014.1,1019.9,726,1016.3,1751,1018.1,13.9,4.8,1100,2.65,17.45,,,,,,5,1.3,17.7,9.8,17.8,18.1,17.2,17.3,16.6,14.8,13.5,12.7,13.5,1.9,4.2,,
119,2002-05-06,13.6,9.6,2236,17.7,1516,10.08,1.5,1853,2.5,1857,7,8.7,110,540,7.2,110,1300,3.8,3283,3.6,27,1255,54.9,8.1,1013.1,1019.5,914,1014.4,2352,1017.2,13.9,0,900,1.12,8.6,,,,,,8.9,5.4,14,8.6,15.2,16.1,16.1,16.7,15.5,15,13.5,12.5,13.4,.5,.9,43.5,
119,2002-05-07,10.2,8.8,222,11.3,1402,20.53,3.5,815,7,317,49.5,10.1,110,127,7.6,70,1841,4.2,3629,7.7,71,2337,85,10.5,1006.8,1014.6,0,1008.9,1401,1010.9,13.9,0,1300,.75,4.1,,,,,,9.5,6.6,11.7,8.5,13,13.6,14.1,15,15.6,15.3,13.7,12.7,13.4,.7,1.2,13,
119,2002-05-08,14.9,8.6,515,20.4,1411,,,,,,,6.6,90,833,4,90,841,2,1728,7.4,42,1300,62.1,10.3,1013.5,1020.1,2357,1013.8,3,1017.5,14,8.8,1100,3.32,22.49,,,,,,3.6,2.8,17.4,7.6,16.9,16.3,14.9,14.9,14.3,15.1,13.7,12.9,13.5,2.7,4.5,,
119,2002-05-09,15.4,11,539,21.9,1336,,,,,,,7,290,1508,5.2,270,1452,1.6,1382,9.7,50,1318,69.6,12,1013.4,1020.1,0,1015.4,1806,1017.4,14,5.3,1300,2.56,18.74,,,,,,7,2.5,17.8,10.2,17.5,17.4,16.2,16.2,15.5,15,13.9,12.8,13.6,2.9,3.8,,
119,2002-05-10,15.4,10.9,526,20.2,1249,,,,,,,5.2,270,1935,3.5,290,1935,1.4,1210,11.3,60,1233,76.9,13.4,1009.8,1016.3,10,1011.4,1709,1013.8,14,1,1000,1.92,13.13,,,,,,7.1,1.8,17.3,10.1,17.1,17.3,16.5,16.5,15.9,15,14,13,13.5,1.5,2.8,,
119,2002-05-11,14.6,10.4,2354,20.5,1313,,,,,,,6.5,270,1328,4.3,270,1532,1.9,1642,10.4,54,1700,77.3,12.6,1012.1,1019.2,2309,1014,242,1016.2,14,8.4,1300,3.17,22.68,,,,,,4.8,2.5,18.4,10.1,18.6,18.5,17.1,16.9,16.3,15.1,13.8,13,13.4,3.9,4.3,,.87
119,2002-05-12,13.7,9.6,455,21,1336,.07,0,,0,,0,7.1,270,1407,4.7,270,1412,1.7,1469,10.1,47,1339,80,12.4,1015.3,1020.4,939,1018.5,1253,1019.4,14.1,5.8,1200,3.33,19.68,,,,,,6,5.3,18,10.1,18.4,18.8,17.4,17.7,16.8,15.2,14.1,12.9,13.3,2.8,3.7,0,3.83
119,2002-05-13,15.8,10.9,333,22.5,1404,,,,,,,4.8,270,1731,3.4,270,1732,1.8,1555,10.8,50,1413,73.5,13,1014.5,1020.4,758,1016.6,1622,1018.5,14.1,5.2,1100,2.85,19.53,,,,,,8.5,4.9,19.3,10.7,19.5,19.7,18,17.6,17.1,15.5,14.2,13,13.4,2.3,3.8,,
119,2002-05-14,19.4,12.6,513,24,1235,,,,,,,6.4,140,1327,4.3,140,1249,1.6,1382,11.4,35,1730,62.9,13.6,1010.2,1018,0,1011.4,1905,1014.2,14.1,0,1200,1.73,13.14,,,,,,8.3,3.5,19.1,11.3,19,19.5,18.2,17.9,17.6,15.6,14.3,13.1,13.4,1.1,3.9,.2,
119,2002-05-15,16.1,13.5,2259,19.1,1349,16.78,1,2247,1.5,1849,6,11.4,110,1036,7.6,110,1042,3.3,2851,10.5,49,1415,69.9,12.7,1005.2,1012.5,48,1007.3,1539,1009.3,14.2,0,1300,.92,6.22,,,,,,10,5.8,16.4,12.4,17.3,18.2,17.7,17.8,17.5,15.8,14.8,13.2,13.4,.8,1.1,5.8,
119,2002-05-16,14.9,13.2,2258,17.7,1146,7.53,.5,1408,.5,1408,1.2,9.9,70,2052,7.4,90,2029,4,3456,9,56,1225,68.5,11.5,1005.6,1011.2,2202,1008.1,512,1009.6,14.2,0,1100,.88,5.92,,,,,,10,6.1,14.9,12.4,15.8,16.5,16.4,16.9,16.9,16.1,14.5,13.1,13.4,.9,1.7,1.7,
119,2002-05-17,13.2,10.8,436,15.1,1634,10.48,.5,410,.5,320,.5,6.6,70,306,4.6,70,1333,2.9,2506,9.9,67,1,80.4,12.2,1006.1,1011.3,843,1008.9,1641,1010.2,14.2,0,1300,1.17,6.92,,,,,,10,6,15,10.3,15.2,15.7,15.6,16.2,16.6,15.9,14.6,13,13.4,.2,1.8,.1,
119,2002-05-18,16.1,12.5,2336,21.8,1317,2.63,.1,134,.1,44,.1,7.2,250,1440,5.2,250,1433,2.1,1814,10.9,43,1318,72.8,13.1,1004.1,1010.1,739,1005.6,1657,1008.1,14.2,9.9,1000,2.92,24.23,,,,,,4.6,3.4,20.1,11.7,18.1,18.5,16.8,16.7,16.2,15.8,14.1,13.2,13.4,3.6,5,,
119,2002-05-19,15,10.9,235,21,1612,,,,,,,6.4,250,1655,4,290,1729,1.9,1642,9.6,41,1548,71.8,12,1003.4,1008.6,2259,1005.8,1626,1007.5,14.3,6.5,1400,2.99,20.66,,,,,,2.8,2.8,18.8,10.1,18.7,18.8,17.6,17.5,17,15.9,14.7,13.5,13.4,3,4.1,,
119,2002-05-20,16.9,10.6,433,23.6,1421,,,,,,,7.7,270,1611,5.4,270,1615,2,1728,7.2,23,1349,56.9,10.3,1005.4,1010.6,2347,1008,1506,1009.4,14.3,12.4,1200,3.27,26.95,,,,,,0,0,19.4,9.8,20.8,20.5,18.6,17.7,17.4,16.1,14.8,13.5,13.4,5.2,6.3,,
119,2002-05-21,18,11,508,25.4,1329,,,,,,,7.8,290,1552,5.5,270,1425,1.6,1382,6.8,25,1354,50.3,9.9,1006.3,1011.6,752,1009,1513,1010.3,14.3,9.4,1200,3.21,23.61,,,,,,5.4,.9,20.2,9.5,21.6,20.9,19.6,18.6,17.5,16.1,14.8,13.4,13.4,4.7,6.2,,
119,2002-05-22,18.3,14.4,2319,23.4,1346,,,,,,,7.8,200,1448,5.2,230,1435,2.2,1901,9.4,41,25,56.3,11.9,1004.7,1010.3,3,1006.7,1724,1008.7,14.3,10.5,1200,3.11,24.89,,,,,,3.6,1.4,20.6,12.6,22.7,22.5,20.4,19.3,17.9,16.4,14.9,13.6,13.4,2,5.5,,
119,2002-05-23,19.5,12.5,542,26.9,1251,,,,,,,12.4,290,1731,7.1,290,1610,2.5,2160,5.6,13,1129,46.4,9.5,1004.6,1009.8,742,1003.2,1729,1008.5,14.3,12.6,1200,3.52,28.53,,,,,,.6,.6,21.5,10.7,23.4,23.1,21.1,20,18.3,16.6,15,13.5,13.3,7.9,8.2,,
119,2002-05-24,17.3,11.6,445,23.8,1127,,,,,,,9.3,250,1309,5.7,270,1139,2.4,2074,7.7,24,1139,56.5,10.6,1004.4,1010.7,723,1006.3,1727,1008.3,14.4,12.7,1300,3.33,28.57,,,,,,1.9,0,20.5,9.5,22.7,23.3,21.5,20.7,18.3,16.6,15.3,13.6,13.3,3.8,6.7,,
119,2002-05-25,18.4,11.4,459,25.9,1432,,,,,,,9.7,250,1800,5.6,250,1741,2.2,1901,8.7,14,1457,53.4,11.3,1003,1008.8,731,1004.7,1650,1006.8,14.4,12.7,1200,3.35,28.19,,,,,,.3,.3,21.2,9.1,23.3,23.6,21.7,20.7,18.4,16.8,15.4,13.7,13.4,4.8,7.5,,
119,2002-05-26,17.4,12,429,23.6,1241,,,,,,,10.2,270,1452,6.4,270,1501,2.4,2074,7.6,25,1228,57,10.6,1004.4,1011,2334,1006.3,216,1008.2,14.4,12.3,1200,3.43,28.35,,,,,,1.1,.4,21.3,10.1,24.4,23.8,22.4,21.4,18.6,17.1,15.5,13.6,13.3,4.9,7.6,,
119,2002-05-27,17.6,11.9,527,24.5,1525,,,,,,,6.8,320,1620,4.2,290,1824,1.9,1642,8,26,1451,55.3,10.8,1007.5,1012.7,747,1010,1529,1011.4,14.5,12.6,1200,3.33,27.38,,,,,,.4,.4,21.7,9.7,23.6,23.7,22.1,21.2,18,17.1,15.5,13.7,13.3,4.6,6.4,,
119,2002-05-28,17.6,11.2,510,24.3,1321,,,,,,,6.4,250,1604,4.1,270,1603,1.6,1382,5.4,21,1107,47.9,9.1,1007.8,1012.8,515,1009.5,1823,1011.7,14.5,8.6,1100,3.2,22.21,,,,,,4.4,0,20.3,9.1,22.8,22.9,21.6,21.1,19.1,17.4,15.7,13.8,13.4,5.5,6.3,,
119,2002-05-29,18.8,10.8,521,25.9,1558,,,,,,,6.2,250,1535,3.8,270,1817,1.5,1296,8.4,25,1606,53.1,11.1,1006.7,1013.4,821,1007.9,1823,1010.6,14.5,12.6,1200,3.24,26.8,,,,,,1.1,0,21.9,8.7,23.6,24,21.9,21.1,18.8,17.5,15.6,13.8,13.4,2.5,6.8,,
119,2002-05-30,18,14.4,325,23.7,1251,7.37,.5,2126,.5,2036,.5,9.2,270,1417,6.2,270,1424,2.7,2333,14,48,1217,78.3,16.1,1002.7,1009.4,31,1004.7,1732,1006.5,14.5,2.8,1200,3.08,13.42,,,,,,9.5,6.1,20.8,13.2,22.6,22,22.2,21.5,19.1,17.5,15.8,13.9,13.3,1.9,3,2.5,
119,2002-05-31,18.4,15.8,140,24.6,1704,7.75,1.5,310,1.5,220,2,8.5,290,1728,5.6,270,1737,2.6,2246,14.5,44,1605,79.3,16.5,1000.7,1006.2,459,1001.8,1709,1004.5,14.5,6.3,1300,2.73,20.6,,,,,,8.3,6.8,22.7,15.6,23.1,23,21.6,21.1,19.6,17.7,16,13.9,13.3,2.3,4.7,.5,
119,2002-06-01,18.9,15.9,2350,23.6,1208,6.48,.5,42,.5,42,.5,6.3,250,156,3.7,250,202,1.9,1642,14.1,41,1450,75,16.1,1001.5,1007,2332,1004,1432,1005.3,14.6,4.3,1100,3.01,14.46,,,,,,6.4,4.6,20.7,14.2,21.6,22.9,22.2,21.5,19.8,17.7,16.1,13.9,13.3,1.4,2.5,0,
119,2002-06-02,20.9,13.5,442,28.4,1402,,,,,,,8.2,270,1631,5.2,110,1550,1.6,1382,10.9,27,1403,55.8,13.1,1003.6,1008.7,827,1005.7,1754,1007.4,14.6,12.8,1200,3.28,26.9,,,,,,.4,.4,23.8,11.5,24.2,23.9,22.1,21.1,19.4,17.6,16,13.9,13.3,4.5,6.2,,
119,2002-06-03,21.4,14.7,500,27.6,1440,,,,,,,6.9,230,1403,4.5,200,1449,1.8,1555,10.8,27,1416,52.5,13,1005.4,1010.2,843,1007.5,1736,1009.2,14.6,11,1200,3.34,26.34,,,,,,3,.5,24.6,13.1,25.9,25.4,23.3,22.2,20.1,18.1,16.3,14.2,13.4,6.2,7.2,,
119,2002-06-04,21.1,17.3,452,27,1450,,,,,,,5.7,320,1703,3.5,290,1846,1.4,1210,9.8,26,1743,49.6,12.3,1006.6,1012.1,808,1008.9,1456,1010.4,14.6,2.7,1300,2.55,16.44,,,,,,9.1,6.1,22.6,15.9,24.5,24.8,23.3,22.6,20.7,18.5,16.4,14,13.4,1.9,5.5,,
119,2002-06-05,23.4,16.3,517,29.7,1502,,,,,,,5.1,360,1602,3.7,360,1549,1.3,1123,12.8,32,1231,52.6,14.9,1006.6,1012,825,1008.7,1613,1010.4,14.6,5.1,1200,2.78,18.12,,,,,,5.3,1,24.1,15.3,25.2,24.9,23.1,22.4,20.4,18.5,16.5,14.1,13.3,3.8,5.5,,
119,2002-06-06,24.3,18.6,536,30.3,1354,,,,,,,5.6,360,1512,4,360,1533,1.4,1210,14.2,36,1531,55.8,16.3,1007.2,1013,840,1009.4,1657,1011,14.6,10,1200,2.83,22.06,,,,,,1.9,0,26,17.1,26.9,26.5,24.2,23.1,20.8,18.6,16.7,14.2,13.3,3.6,6.6,,
119,2002-06-07,23.5,17.9,502,30,1256,,,,,,,7.1,320,1637,4.4,270,1556,1.8,1555,14.1,30,1258,58.5,16.1,1007.5,1012.8,758,1010.1,1721,1011.3,14.6,11.5,1200,3.15,25.74,,,,,,1.8,0,27,16,27.5,27.3,25,24.3,21.3,18.9,16.8,14.2,13.4,5.1,7.9,,
119,2002-06-08,20.9,18.6,437,25.5,1530,,,,,,,7.1,270,1,3.9,250,1537,2.3,1987,15.6,49,1531,71,17.7,1007.5,1012.4,2344,1010.3,1929,1011.4,14.7,3.6,1400,2.72,14.43,,,,,,6.9,3.9,24.6,17.5,26.6,26.3,24.8,23.9,21.7,19,16.9,14.2,13.3,3.1,4.5,,
119,2002-06-09,21.5,16.8,446,27,1331,,,,,,,7.2,250,1425,5,250,1443,1.8,1555,15.4,45,1312,69.4,17.5,1006.2,1012.4,1,1007.6,2357,1010,14.7,6.7,1100,2.82,21.69,,,,,,6.4,2.8,24.7,15.4,26.6,27,25.7,24.1,21.5,19.1,17.1,14.3,13.4,3.9,5.4,,
119,2002-06-10,21.6,18,509,26.4,1255,8.28,4,1834,10.5,1512,31,12.3,200,1721,7.3,200,1828,3.2,2765,17.4,52,1055,78.1,20.1,995.9,1007.6,0,994.7,1710,999.7,14.7,.5,900,1.53,7.34,,,,,,9,6.3,22,16.5,23.3,24.7,23.9,23.6,21.9,19.6,17.2,14.2,13.4,2.3,4.1,31,
119,2002-06-11,20.9,17.9,2323,26.1,1548,,,,,,,9.8,270,1522,5,250,1611,2.3,1987,11.4,17,1621,57.8,14.1,996,1002.9,2153,996.8,123,999.8,14.7,7.5,1200,3.56,22.18,,,,,,4.3,2.5,23,14.4,23.6,24,23.3,23,21.4,19.5,17.3,14.5,13.4,2.9,4.8,,
119,2002-06-12,19,14.4,410,24.8,1051,8.62,1,1831,2,1526,4.5,6.4,90,1517,4.2,140,1132,1.7,1469,11.5,31,849,64.9,14.1,998,1003.2,509,1000.5,1222,1001.9,14.7,2.1,1000,1.9,7.5,,,,,,7.8,5.3,19,11.9,19.5,20.7,21.4,21.9,21.6,19.7,17.5,14.6,13.5,.4,1.3,4.5,
119,2002-06-13,18.2,14.4,517,23.2,1311,,,,,,,7.8,250,1358,5.2,250,1613,2.4,2074,12.2,38,1359,69.6,14.2,1000.4,1005.7,2316,1002.8,0,1004.3,14.7,10.2,1300,3.43,26.56,,,,,,4.1,3.5,22.7,13.1,21.9,21.5,21.3,21.2,20.7,19.6,17.6,14.6,13.4,3,5.9,,
119,2002-06-14,19.3,15.4,1,24.5,1336,,,,,,,8.3,250,1401,5.3,250,1545,2.5,2160,12.6,42,1408,67.5,14.7,1003.5,1009,2216,1005.6,0,1007.3,14.7,10,1100,3.41,25.99,,,,,,4,3,23.4,14.1,22.4,22.7,21.9,21.9,21.1,19.6,17.7,14.6,13.4,4.7,6.2,,
119,2002-06-15,19.4,15.7,209,24,1634,,,,,,,7.1,230,1425,5,200,1426,1.8,1555,13.5,39,1635,69.8,15.5,1005.4,1010.6,2214,1007.8,1711,1009.2,14.7,5.7,1500,2.35,18.13,,,,,,4.9,4.6,20.9,14.4,22.2,22.6,21.9,21.8,21.4,19.7,17.8,14.7,13.4,2.9,4.3,,
119,2002-06-16,21.1,15.7,504,26.4,1447,,,,,,,7.6,250,1106,4.3,200,1437,1.6,1382,13.2,40,1408,63,15.3,1005.3,1010.5,727,1007.7,1731,1009.2,14.7,11.6,1300,3.31,26.44,,,,,,2.1,.9,24.8,14.3,24.8,24.6,22.8,22.2,21.1,19.7,18,14.7,13.4,4.6,6.2,,
119,2002-06-17,22.1,17,343,27.8,1354,,,,,,,6.8,290,1707,4.2,360,1450,1.6,1382,14.3,42,1637,62.8,16.3,1004.1,1010.1,655,1005.7,1738,1007.8,14.7,9.4,1300,3.13,23.52,,,,,,4,2.8,24.3,15.4,25.8,25.6,23.8,23.4,21.5,19.7,17.9,14.7,13.4,4.3,6,,
119,2002-06-18,21.8,16.6,547,27.5,1326,,,,,,,7.2,230,1355,4.8,20,1356,1.7,1469,15.1,45,1733,67.3,17.1,1003.5,1008.8,904,1004.5,1807,1007.3,14.7,12,1200,3.22,25.72,,,,,,2.5,1,25.5,15.2,26.5,26.3,24.4,23.5,21.8,20.1,18,14.8,13.5,3.7,6,,
119,2002-06-19,21.8,18.9,550,24.4,1530,,,,,,,5.5,360,1935,3.9,250,34,1.9,1642,16,55,1111,70.5,18.2,1001.1,1008.4,101,1002.2,2334,1004.9,14.7,0,1100,1.2,7.98,,,,,,9.8,5,21.8,18.4,24.1,24.8,24,23.7,22.3,19.9,18,14.9,13.6,1.6,2.8,1,
119,2002-06-20,21.2,18.5,2330,25.5,1450,3.07,1,924,1.5,834,3,7.3,290,1612,4.6,290,1558,2,1728,17,56,1405,77.3,19.4,997.9,1003.5,2249,1000.4,325,1001.6,14.7,4.6,1300,3.1,15.89,,,,,,7.5,4.8,22.8,18.2,24.2,24.3,23.3,22.9,21.6,20.3,18.1,14.9,13.6,3.2,4.9,2,
119,2002-06-21,22,17.6,456,27,1611,,,,,,,7.2,250,1710,4.4,230,1740,2,1728,15.5,46,1625,67.8,17.6,1000.7,1006.8,2350,1003.2,1634,1004.4,14.7,11.2,1300,2.9,24.97,,,,,,3.1,2.1,25.9,17.3,26.2,25.7,23.9,23.2,22.1,20.3,18.3,15,13.7,3.8,6.9,,
119,2002-06-22,23.3,19,516,28.3,1508,,,,,,,8.5,70,412,5.1,50,824,3.2,2765,13.3,34,1509,54.5,15.4,1006.2,1012,2213,1006.8,0,1010,14.7,12,1200,3.47,27.15,,,,,,4.3,2.5,26.6,17.8,27.6,26.9,24.9,23.9,22.6,20.6,18.4,15,13.7,2.7,5.4,1,
119,2002-06-23,18.1,16.7,1014,21.5,0,13.87,.5,703,.8,617,3,7.6,110,2149,5,90,2157,3.5,3024,13.9,58,41,76.4,15.9,1007.8,1013,803,1010.7,1707,1011.6,14.7,0,1100,.51,3.32,,,,,,10,6.5,18.8,16,21.9,23.4,23.7,23.7,22.6,20.5,18.5,15.2,13.6,2,3,3,
119,2002-06-24,16,14.7,1253,17.6,1052,12.97,1,1233,4.5,1234,10,10.3,70,1004,5.9,70,1016,3.6,3110,11.2,64,925,73.5,13.3,1004.4,1011,0,1006.9,1815,1008.2,14.7,0,1000,.56,4.78,,,,,,9.8,6.5,16.7,13.3,18.5,19.7,20.8,21.5,21.5,20.6,18.5,15.2,13.7,.9,1.5,9,
119,2002-06-25,19,15.2,553,24,1533,,,,,,,9.7,50,948,6.1,50,957,3.1,2678,7.6,35,1533,48.3,10.4,1007.2,1013.8,2336,1008.9,337,1011,14.7,8.1,1100,3.25,23.63,,,,,,4.5,4.4,20.7,13.4,20.3,20.5,20.2,20.6,20.3,20.4,18.5,15.2,13.7,2.1,5.7,,
119,2002-06-26,19.2,12.7,446,25.6,1706,,,,,,,6.7,70,1016,4.3,70,1021,2.1,1814,8.2,26,1711,50.4,11,1009.8,1015.2,836,1011.6,1648,1013.7,14.7,12,1200,3.57,29.91,,,,,,1.8,1.4,23.3,10.2,22.9,22.5,21.2,21,19.5,20.1,18.5,15.2,13.7,4.7,6.5,,
119,2002-06-27,19.9,14.1,501,25.8,1349,,,,,,,7.6,320,1953,4.7,270,1533,1.8,1555,12.2,41,1638,63.1,14.3,1010,1015,746,1012.5,1647,1013.8,14.7,12.5,1100,3.2,26.36,,,,,,0,0,23.7,12.7,24.7,24.4,22.8,22.1,20.9,20,18.5,15.2,13.7,3.8,6,,
119,2002-06-28,21.2,14.2,628,28.6,1312,,,,,,,7.1,270,1717,4.3,200,1510,1.6,1382,13.3,30,1357,63,15.4,1008.5,1014.6,721,1010,1638,1012.3,14.7,9.7,1200,3.31,18.74,,,,,,.4,.4,24.4,13.3,25.4,25.3,23.6,22.8,21.3,20.1,18.5,15.2,13.9,3.4,6.3,,1.03
119,2002-06-29,23.8,16.3,516,30.9,1538,,,,,,,7.2,50,1347,3.6,360,1310,1.5,1296,13.6,15,1601,53,15.7,1005,1011.8,48,1006,1724,1008.8,14.7,12.8,1300,3.43,27.69,,,,,,.3,0,26.7,14.9,27.6,27,24.8,23.6,21.6,20.1,18.5,15.3,13.7,4.5,7.4,,
119,2002-06-30,25,20.9,207,29.9,1220,,,,,,,7.2,20,1339,4.4,360,1219,2.3,1987,15.9,36,1250,58.3,18.1,1003.4,1008.2,40,1005.6,1718,1007.2,14.7,5.8,1000,2.9,18.25,,,,,,4.4,3.4,25.7,18.9,25.8,24.7,22.9,22,22.2,20.3,18.6,15.4,13.6,1.9,5.4,,
119,2002-07-01,24.2,21.8,2358,27.5,1341,1.77,.5,1857,1,2319,1.5,5.9,50,555,4.1,250,1904,2.2,1901,18.6,54,1345,71.3,21.4,1005.1,1010.3,2350,1007.5,22,1008.8,14.7,1.6,1300,1.97,15.05,,,,,,8.8,5.4,26.5,21.3,27.3,27,25.4,24.5,22.6,20.4,18.2,15.5,13.9,2.1,3.5,5,
119,2002-07-02,23.7,20.7,524,28.8,1553,3.8,1,58,2.5,30,3.5,5.7,360,1634,4,360,1657,1.6,1382,19.3,53,1553,77.1,22.4,1006.8,1012,2343,1008.9,1734,1010.6,14.7,6.3,1200,3.15,20.25,,,,,,6.4,5.9,27.2,20.4,27.1,26.6,25.3,24.6,22.6,20.6,18.7,15.4,13.7,2.5,5.6,,
119,2002-07-03,24.5,20,519,29.2,1349,,,,,,,6.6,360,1414,3.4,200,1809,1.6,1382,18.8,48,1410,71.5,21.6,1008.5,1013.4,823,1010.9,1720,1012.3,14.7,9.7,1300,3.21,23.88,,,,,,3.9,1.3,27.7,19.6,28.3,28,25.8,25,23.3,20.9,19,15.7,13.9,4.4,6,,
119,2002-07-04,26.8,20.7,416,31.1,1305,,,,,,,5.5,360,1438,4.3,360,1514,1.3,1123,19.3,48,1308,64.9,22.4,1007.7,1013.6,736,1009.8,2003,1011.5,14.7,6.4,1100,2.47,18.83,,,,,,7,2.9,28,19.9,28.7,28.4,26.5,25.9,23.6,21.1,19,15.7,13.9,3.9,4.2,2,
119,2002-07-05,23.1,20.9,2203,26.3,0,22.05,3,2154,7.5,2126,47.5,12.3,70,2125,7.9,70,2329,3.9,3370,20.2,67,0,83.9,23.7,1000.2,1010.2,0,994.7,2400,1004,14.7,0,1100,.56,3.68,,,,,,10,6.4,23.3,19.7,24.8,25.3,25.7,25.4,23.9,21.1,19,15.7,13.9,1.6,3.6,53.5,
119,2002-07-06,21.8,20,2352,24,507,12.87,3.5,921,8,900,24.5,13.1,70,210,8.1,70,213,3.6,3110,18.5,68,509,81.6,21.3,986.9,996.4,2325,987,604,990.6,14.7,0,1200,1.08,5.37,,,,,,9.5,6.9,21.9,19.5,22.4,23.5,23.5,23.7,23.1,21.5,19.8,15.7,13.9,.9,2,27.5,
119,2002-07-07,22.1,19.5,240,26,1440,2.3,6.5,232,10,144,11,9.8,230,907,5.7,230,907,3.5,3024,17.1,51,1624,74.4,19.6,996.1,1004.1,2340,995.9,137,999.8,14.6,4.9,1400,2.95,17.47,,,,,,6.9,5.5,24.5,18.9,23.9,23.8,23.2,23.3,22.7,21.6,19.5,15.8,14,2.4,4.5,,
119,2002-07-08,23.1,19.8,401,27.6,1528,,,,,,,7.2,200,1230,4.3,180,1233,2.3,1987,16.5,48,1438,67.5,18.8,1001.7,1006.8,2211,1003.9,5,1005.5,14.6,9.2,1400,3.1,23.38,,,,,,5.5,4.1,25.6,19.5,25.4,25.1,24,23.8,22.9,21.5,19.5,16,13.9,3.6,5.8,,
119,2002-07-09,24.2,18.4,443,29.4,1512,,,,,,,6.2,360,1454,3.9,360,1637,1.6,1382,17,39,1455,66,19.5,999.3,1006.5,0,1000.5,1804,1003.1,14.6,10.1,1400,3.36,24.61,,,,,,5.3,4.9,27.3,17.5,26,25.9,24.6,24.2,23.1,21.5,19.6,15.9,13.9,4.6,6.1,,
119,2002-07-10,25.2,22.3,620,30.2,1429,,,,,,,5.4,200,1535,4.1,200,1540,2.1,1814,17.9,39,1437,64.6,20.5,994.5,1000.6,0,996.1,1632,998.2,14.6,7.4,1100,3.15,21.69,,,,,,5.8,5.4,27.5,22,27.4,27.5,25.6,25,23.7,21.6,19.6,15.9,13.9,4.1,6.1,,
119,2002-07-11,24.3,20.3,512,28.5,1523,,,,,,,7.7,360,1442,4.8,360,1432,2.6,2246,17.2,52,1544,64.6,19.7,995.6,1001.5,2352,998.1,213,999.4,14.6,10,1300,3.1,24.57,,,,,,3.1,2.1,27.4,19.6,27.6,27.8,26,25.3,24.1,21.7,19.7,16.1,14.1,5.2,6.1,,
119,2002-07-12,24,20.7,518,27.2,1434,,,,,,,6.5,200,1539,4.8,200,1539,1.8,1555,18.2,59,1721,70.3,20.9,998.6,1003.2,2253,1001.1,129,1002.3,14.6,2.5,1000,2.24,17.1,,,,,,8.6,5.8,26.2,20,27.2,27.4,26,25.5,24.5,21.8,19.9,16.1,13.9,2.9,4.5,0,
119,2002-07-13,25.2,22.5,312,29.2,1541,.63,0,,0,,0,9.3,160,1242,5,140,1249,1.7,1469,18.8,48,1520,67.9,21.7,998.4,1004.5,903,1000.5,1805,1002.2,14.5,1.6,1200,2.36,13.97,,,,,,9.8,5.6,25.7,21.9,26.8,27,25.8,25.3,24.2,22.1,20,16.2,13.9,1.5,3.3,14.5,
119,2002-07-14,23.5,22.1,1057,24.9,0,15.2,2,1227,4.5,519,21,8.8,230,1640,5,250,1649,1.8,1555,21.6,79,0,89.4,25.8,995.6,1000.6,0,998.6,1852,999.4,14.5,0,1100,.53,2.83,,,,,,10,6.6,24.3,21.7,24.9,25.8,25.4,25.3,24.3,22.1,20,16.2,14.1,.9,1.4,6.5,
119,2002-07-15,25.5,22.9,517,29.4,1517,.67,0,,0,,0,8.7,200,1251,5.3,200,1040,2.2,1901,21.7,63,1442,79.9,25.9,992.8,999.2,1,994.6,1809,996.5,14.5,2.7,1200,2.43,15.6,,,,,,9.4,5.6,26.9,22.1,26.7,25.2,25.2,24.9,24.1,22.5,20.2,16.3,14,3,4,.1,
119,2002-07-16,23.9,21.2,2338,28.4,1330,.47,.1,,.1,,.1,8.3,160,1459,6,160,1504,2.8,2419,19.1,57,1312,75.4,22.2,992.7,998.2,2259,994.5,228,996.4,14.5,7.4,1200,3.3,23,,,,,,6.3,3.5,27.3,20.7,26.8,26.9,25.8,25.3,24.4,22.3,20.3,16.8,14.2,4,5.7,,
119,2002-07-17,23.4,20.6,2334,27.6,1428,,,,,,,7.5,110,1145,5.2,200,1346,2.6,2246,18.3,53,1438,73.9,21,995.4,1002,2254,997.5,112,999.2,14.5,7.3,1400,2.71,21.53,,,,,,6.6,5.3,26.3,19.8,25.8,26.5,25.7,25.4,24.6,22.5,20.4,16.3,14.3,4.3,6.1,,
119,2002-07-18,24.8,19.6,250,29.5,1626,,,,,,,8.2,360,1540,4.6,70,2350,1.9,1642,16.9,39,1642,63.1,19.2,999.4,1004.2,2145,1001.7,32,1003.2,14.4,11,1200,3.4,25.95,,,,,,5.6,4.9,27,18.9,27.2,27.5,25.9,25.4,24.6,22.5,20.3,16.3,14.2,3.8,5.4,12,
119,2002-07-19,20.7,19.4,1526,24.9,0,14.63,4,926,13.5,850,54.5,11.7,360,1510,6.3,360,1512,3,2592,17.7,63,0,83.6,20.3,999.5,1007.2,2356,1000.7,1331,1003.3,14.4,0,1600,.77,3.82,,,,,,9.6,6.5,21.3,18.6,23.4,24.8,25,25.3,24.8,22.6,20.5,16.5,14.3,1.6,2.1,42.5,
119,2002-07-20,23.2,18.1,541,27.8,1457,.25,0,,0,,0,5.8,360,1304,3.8,200,1232,1.5,1296,18.4,52,1333,75.4,21.2,1005.2,1010.2,800,1007.2,0,1009,14.4,7.6,1200,3.51,22.18,,,,,,6.6,4.4,26.9,17.5,25.1,25.1,24.1,24.1,23.8,23.1,20.8,16.6,14.1,3.1,5,.5,
119,2002-07-21,25.1,22.1,602,29.2,1546,1.3,.5,536,.5,446,.5,5,360,1437,3.4,360,1443,1.1,950,20.7,61,1419,77.3,24.4,1004.2,1009.1,2336,1006.2,1746,1008,14.4,3.6,1400,2.7,15.59,,,,,,8.3,6.4,27.8,21.9,26.8,26.5,25.3,24.9,24.3,22.8,20.7,16.6,14.2,3.7,4,,
119,2002-07-22,23.4,21,2355,26.5,1118,11.83,7,2205,20,2152,55.5,9.3,160,1257,5.2,110,1252,2.1,1814,20.9,73,1048,85.8,24.7,1004,1009.1,0,1006.5,1913,1007.8,14.3,0,800,.75,5.64,,,,,,9.9,6.6,24.5,20.6,25,25.7,25.3,25.2,24.6,22.7,21,16.6,14.4,.3,.6,70.5,
119,2002-07-23,22.4,21,0,23.5,1714,17.38,4.5,938,12,901,36,6.7,160,1216,4.2,70,24,1.8,1555,20.7,84,1715,89.8,24.4,1003.6,1008.3,1027,1006.4,1838,1007.4,14.3,0,1300,.42,3.35,,,,,,8.8,6.4,23,20.6,23.7,24,23.7,24.2,24.3,22.9,21,16.7,14.4,.5,.7,21,
119,2002-07-24,25.2,21.3,24,28.9,1549,,,,,,,12.5,200,936,6.4,230,943,1.5,1296,21.3,64,1542,79.6,25.4,1003.6,1008.7,1032,1006.4,1755,1007.4,14.3,2.7,1500,1.6,11.45,,,,,,7.5,5.9,25.8,20.4,25.1,25.1,24.2,24.1,23.7,22.8,21,16.7,14.4,1.6,2.6,,
119,2002-07-25,27.6,22.2,425,33.4,1627,,,,,,,5.5,140,1634,3.2,110,1553,1.2,1037,21.6,43,1707,71.9,25.8,1000.7,1007,0,1002.2,1728,1004.5,14.3,9.9,1300,3.43,22.94,,,,,,2.9,2.1,28.8,21.3,27.6,27.3,25.6,25,24.1,22.5,21.2,16.8,14.4,3.7,5.5,,
119,2002-07-26,27.6,24.4,615,30.7,1412,,,,,,,7.7,360,1258,4.7,70,2116,3.2,2765,19.8,53,1239,62.6,23.1,1001.2,1007.9,2350,1003.4,7,1004.9,14.2,2.7,1200,2.44,15.44,,,,,,7.8,4.4,27.7,23.7,26.9,27.2,26.2,25.7,24.8,22.7,21,16.8,14.4,4.3,5.5,,
119,2002-07-27,29.5,25.8,545,34.5,1538,,,,,,,9.7,360,906,5.9,90,1650,4.3,3715,20.1,45,1541,57.8,23.6,1006.4,1013,2334,1007.8,0,1010.1,14.2,8.5,1000,3.1,22.46,,,,,,4.4,2.9,29.5,24.9,28.1,28.4,26.6,26,25,22.9,21.5,16.9,14.7,4.7,6.5,,
119,2002-07-28,29.5,25,504,34.1,1600,,,,,,,8.1,360,821,5.2,360,901,3.2,2765,20.1,46,1345,57.6,23.6,1008.2,1013.5,822,1010,1751,1011.9,14.2,12.7,1200,3.29,27.2,,,,,,2.1,2,30.5,23.5,30.9,30.2,28,26.7,25.5,23.1,21.1,16.9,14.7,5.1,7.4,,
119,2002-07-29,26.2,24.9,2306,29.8,1229,.92,2,1357,2,1340,2,8.4,230,1351,5.8,180,1359,1.7,1469,22.5,63,1328,80,27.2,1007.1,1012.1,738,1009.4,1950,1010.8,14.2,.4,1000,1.84,10.4,,,,,,9.1,6.3,26.9,24.7,28.3,29.3,28.2,27.7,26.1,23.2,21.4,17,14.6,2.6,3.6,2.1,
119,2002-07-30,25.8,23.6,848,28.7,1610,1.85,.1,,.1,,.2,5.4,250,813,3.4,230,822,1.7,1469,21.9,66,1413,79.8,26.3,1006.8,1011.8,841,1009.2,1846,1010.5,14.1,1.6,1400,1.87,12.24,,,,,,6.4,4.5,27.1,23.5,27.4,28,27,26.7,25.9,23.6,21.3,17.2,14.6,1.9,3,.1,
119,2002-07-31,25.2,23.1,214,27.9,1449,,,,,,,5.1,140,1227,3.4,140,1047,1.8,1555,22,73,1446,82.8,26.4,1008.4,1013.4,2358,1010.9,0,1012.2,14.1,0,1400,1.28,8.31,,,,,,8.5,6.1,26.5,22.9,26.9,27.1,26.9,26.4,25.7,23.6,21.5,17.2,14.6,1.8,2.6,,
119,2002-08-01,25.3,23,428,29,1342,3.03,.2,,.4,1758,.5,6.8,230,1434,4.6,230,1440,2.2,1901,22.1,68,1318,82.9,26.6,1008.8,1013.7,135,1011.6,1554,1012.5,14.1,.8,1000,1.5,10.64,,,,,,9.5,7,27,22.6,27.3,27.4,26.5,26.2,25.6,23.6,21.5,17.2,14.7,1.7,2.6,.6,
119,2002-08-02,25.4,23.3,254,29.1,1403,3.05,.1,,.1,,.1,6.5,90,1201,4.2,110,1209,2.2,1901,21.2,58,1242,78.3,25.1,1007.1,1013,933,1008.7,1944,1010.9,14,2.5,1200,3.16,16.37,,,,,,8.4,5.1,26.9,22.9,28.2,28.3,26.8,26.4,25.5,23.6,21.5,17.2,14.7,3.1,4.5,4.5,
119,2002-08-03,25.3,21.5,927,29.4,1502,2.13,1.5,757,4.5,757,4.5,10.4,270,800,5,270,806,2.1,1814,20.9,56,1414,77.1,24.7,1005.2,1011.5,819,1006.9,1828,1008.9,14,6.2,1300,3.17,17.42,,,,,,7.6,6.1,27.7,20.8,27.9,28.3,26.8,26.4,25.8,23.6,21.5,17.3,14.9,1.9,3,8,
119,2002-08-04,25.8,24.1,541,28.8,1341,9.58,4.5,820,7.5,814,16,10.2,180,1716,4.9,180,1724,2.2,1901,23.3,72,1343,86.3,28.6,1002,1008.6,0,1003.9,2348,1005.7,14,.9,1200,1.94,9.33,,,,,,8.9,6,26.8,23.8,27.2,27.6,26.8,26.6,26.1,23.8,21.7,17.5,14.9,.9,1.3,8.2,
119,2002-08-05,27.1,25.6,29,29.4,1507,.92,.5,1700,1,1658,1.5,14.3,200,1432,8.4,200,1432,5.3,4579,22.9,69,1504,78.1,27.9,1000.7,1006.3,2316,1002.4,356,1004.5,14,1.4,1200,1.98,11.22,,,,,,7.6,5.6,27.3,24.2,27.2,27.4,26.6,26.4,26,23.9,21.8,17.5,14.9,1.1,1.8,38.8,
119,2002-08-06,22,19.7,1847,26,0,21.15,10,840,19,1025,131.5,14.1,50,1031,7.6,20,1038,2.6,2246,20.1,81,0,89.1,23.7,1001.9,1007.6,1100,1004.2,526,1005.7,13.9,0,1300,.35,2.42,,,,,,9.6,7.4,23,19.1,24.9,25.2,25.1,25.4,25.9,24.1,21.8,17.6,14.9,1,1.4,216.5,
119,2002-08-07,21.7,20.1,119,23.4,1739,19.2,9.5,106,26,24,203,8.7,90,1247,5.4,90,1248,1.8,1555,20.4,89,1747,92.4,24,997.8,1005.7,13,999.6,1603,1001.6,13.9,0,1600,.44,2.47,,,,,,10,6.8,21.8,19.7,23.2,23.6,23.5,24,23.9,24.4,22.2,17.6,14.9,.3,.5,80.9,
119,2002-08-08,24.3,21.4,513,29.5,1451,3.17,.1,,.3,312,.4,5,230,1731,3.9,200,1740,.8,691,20.6,50,1442,80.6,24.2,998.9,1004,2323,1001.1,1551,1002.6,13.9,3.3,1400,2.86,15.94,,,,,,7.5,5.1,27.5,21.2,25.9,25.7,24.4,24.3,23.6,23.8,22.2,17.7,14.9,2.8,4,,
119,2002-08-09,25.1,22.1,531,29.2,1436,,,,,,,7.9,50,1746,5.6,50,1746,2.7,2333,19.4,58,1415,70.9,22.5,1001.2,1007.3,2307,1003.4,359,1005,13.8,2.5,1400,2.1,14.71,,,,,,8.1,5.4,26.3,21.4,25.9,26.1,25.3,25.1,24.2,23.5,22,17.7,14.9,2.6,3.8,1,
119,2002-08-10,21.4,19.2,2347,23.7,3,19.13,2.5,1401,3.5,1358,19.5,6.5,50,212,4.6,360,1539,2,1728,18,68,1154,81.5,20.7,1005.7,1012.1,2142,1006.3,232,1009.5,13.8,0,1100,.66,4.52,,,,,,10,6.9,22.5,18.1,23.6,24.3,24.3,24.7,24.6,23.6,22,17.9,15,3.4,4,24,
119,2002-08-11,20.8,18.5,305,23.5,1440,8.58,1.5,255,2.5,205,5.5,6.7,360,1251,4.3,50,1855,3,2592,17,66,1436,79,19.3,1010.1,1015.6,2110,1011.6,153,1014,13.8,0,1400,1.55,10.28,,,,,,10,5.6,22.7,17.3,22.3,23.7,23.5,24,23.8,23.5,21.8,17.7,14.9,2,2.3,.3,
119,2002-08-12,21.2,19.3,517,23.9,1156,8.08,2,1731,3,1731,6.5,5.9,90,920,4.4,70,923,2.3,1987,18.3,68,1057,83.9,21.1,1010.7,1016,1012,1012.9,1807,1014.5,13.7,0,1000,1.56,7.05,,,,,,9.5,6.1,22.4,18.9,22.7,23.5,23.3,23.8,23.9,23.5,22,17.9,15.3,2.2,3.2,6.2,
119,2002-08-13,22.3,19.8,605,26.2,1645,,,,,,,5.3,250,1618,3.6,270,1655,1.4,1210,18.8,63,1606,81,21.7,1008.3,1013.5,0,1010.9,1600,1012.1,13.7,3.2,1000,1.86,14.03,,,,,,7.3,4.5,23.9,19.3,24.1,24.3,23.6,23.8,23.6,23.2,22,17.9,15.3,1.7,2.6,,
119,2002-08-14,21.4,20,437,24.3,1248,6.77,.5,1858,1,1810,2,4.4,180,1013,2.9,200,1348,.9,778,19,72,1228,86.5,22,1006.7,1012.3,40,1009.3,1739,1010.5,13.7,0,1000,1.28,7.85,,,,,,9.6,5.5,22.8,19.6,23.5,24.2,23.8,24,23.9,23.1,22,17.9,15.3,.9,1.4,2,
119,2002-08-15,22.7,18.3,611,28,1553,,,,,,,5.9,200,1744,3.4,360,1530,1,864,18,48,1550,75.8,20.6,1004.5,1009.5,6,1006.9,1459,1008.2,13.6,2.6,1300,2.28,15.91,,,,,,6.6,2.4,24.5,17.3,24.4,24.7,23.9,24,23.5,23,21.9,18.1,15.4,2.5,3.4,.5,
119,2002-08-16,22.8,20.6,533,25.1,1325,2.32,.5,320,.5,305,.5,6.3,90,1601,4.3,90,1144,2.6,2246,18.6,68,1236,77.1,21.4,1005.7,1010.4,1001,1008.3,255,1009.5,13.6,0,1100,1.56,10.44,,,,,,9.3,6.4,24.2,19.7,24.1,24.6,24.1,24.2,24,23.1,22,18.2,15.4,1.8,2.5,2.5,
119,2002-08-17,23.1,21,554,25.7,1731,6.77,1,528,1.5,506,3.5,5.4,90,810,3.6,110,815,1.6,1382,20.4,75,1050,84.5,24,1005.5,1009.9,1030,1008.6,1655,1009.3,13.5,0,1200,1.02,6.96,,,,,,8.6,5.5,23.8,20.5,23.9,24.3,24.1,24,23.9,23.1,21.9,18.2,15.4,1,2.2,1,
119,2002-08-18,24.8,21.9,552,28.8,1357,2.73,2,1613,3.5,1533,3.5,6.3,70,2319,4.4,70,2325,1.2,1037,20.8,62,1340,79.3,24.6,1005.6,1010.4,2343,1008.2,1516,1009.3,13.5,.7,1300,2.32,10.54,,,,,,9.3,4.9,25.9,21.2,25.1,25.4,24.4,24.3,24.1,23.2,22,18.3,15.4,2.6,3.8,3.8,
119,2002-08-19,22,19.7,744,24.1,1600,2.12,.3,729,.3,655,.3,6.8,90,1209,4.7,70,1221,2.5,2160,17.4,63,1538,75.5,19.9,1007.4,1012.5,2242,1010.2,106,1011.2,13.5,0,1400,1.16,7.09,,,,,,9.1,5.9,22.8,19.3,23.5,24.3,24.1,24.4,24.1,23.1,21.8,18.3,15.4,1.5,2.3,0,
119,2002-08-20,23.6,19.1,543,28.5,1423,,,,,,,5.7,340,1656,3.7,360,1655,1.8,1555,16.1,40,1300,63.9,18.4,1008.6,1013.6,748,1011.2,1601,1012.4,13.4,10,1200,3.13,22.35,,,,,,3.4,2.3,25.4,17.5,25.7,25.3,24.4,24.3,23.9,23.1,21.9,18.4,15.6,3.5,5.1,,
119,2002-08-21,23,19.8,505,27.4,1450,,,,,,,6.6,250,1648,4.6,250,1647,1.6,1382,18.6,57,1456,76.9,21.4,1008.2,1013.4,1024,1010.6,1740,1012,13.4,5.1,1300,2.6,16.36,,,,,,7.4,4.8,25.6,19,25.1,25.4,24.7,24.6,24.1,23.1,21.8,18.4,15.6,2.2,3.6,,
119,2002-08-22,22,20.3,449,23.3,1221,7.7,1.5,1505,5,1506,10.5,6.1,180,1754,3.6,180,1757,1.3,1123,20,80,917,88.5,23.3,1005,1011.5,2,1006.1,2351,1008.8,13.4,0,800,.6,3.85,,,,,,9.3,6,22.5,19.6,23.8,24,24,24.3,24.1,23,21.7,18.3,15.5,.5,.7,11.5,
119,2002-08-23,23.8,21.6,212,25.9,1248,3.72,.5,30,.5,0,1,6.7,250,1424,4.1,250,1431,1.7,1469,21.4,77,1336,86.6,25.6,1001.4,1006.3,19,1004,1611,1005.2,13.3,.1,1400,.76,5.89,,,,,,9.8,6,24.5,21.2,25.2,24.5,23.9,24.1,23.8,23.1,21.8,18.3,15.6,.9,1.4,0,
119,2002-08-24,24.7,20.1,2345,29.2,1525,,,,,,,5.7,360,1328,4.1,360,1600,1.6,1382,19,45,1528,72.1,22.2,1002.3,1008,2320,1004.9,311,1006.1,13.3,8.2,1300,2.99,20.43,,,,,,3.9,3.5,27.7,18.8,26.3,26.4,25.1,24.8,24.1,23.1,22,18.5,15.8,3.4,4.9,,1.83
119,2002-08-25,24.3,18.6,317,29.4,1500,,,,,,,4.8,360,1143,2.9,360,1444,1,864,19.3,57,1534,74.3,22.4,1003.8,1008.7,2352,1006.3,1654,1007.6,13.3,5.7,1000,2.14,16.49,,,,,,3.8,3.8,26.1,17.7,25.3,25.6,24.9,24.9,24.3,23.1,22,18.7,15.9,2.2,3.5,1,
119,2002-08-26,25.9,21.6,606,30.1,1410,1.52,.5,124,1,124,1,6.8,140,2103,4.6,140,2108,2.3,1987,20.3,53,1343,72.3,23.8,1003.3,1008.8,723,1004.8,2355,1007,13.2,4.1,1100,2.61,17.7,,,,,,9.1,5.5,26.7,20.7,26.6,26.7,25.7,25.3,24.5,23.1,22,18.7,15.8,4.5,7,23.5,2
119,2002-08-27,23.5,21.5,2332,25.8,0,6.17,7.5,1057,12.5,1015,37.5,10.8,180,1028,5.7,180,1029,2.4,2074,21.1,70,0,86.4,25,1001.9,1009.3,2349,1003.6,429,1005.6,13.2,.1,1100,.76,5.08,,,,,,7.9,5.5,23.9,20.7,25,25.5,25.2,25.2,24.8,23.2,21.9,18.6,15.9,.8,1.2,14,
119,2002-08-28,24.5,20,531,29.7,1458,,,,,,,4.5,320,1839,3.1,250,1758,1,864,19.7,48,1527,76.4,23,1006.6,1011.8,801,1009.2,1610,1010.4,13.2,8,1300,2.71,19.24,,,,,,5.3,4.4,27.1,19.4,26.2,25.7,25.2,25.1,24.6,23.6,22,18.7,16,3.1,4.4,,2.33
119,2002-08-29,27.7,23.2,139,32.7,1612,.08,0,,0,,0,5.6,90,2158,3.6,70,2154,1.3,1123,21.7,50,1613,70.3,25.9,1005.7,1011.3,716,1007.4,1602,1009.4,13.1,3.7,1100,2.36,14.31,,,,,,6.6,4.4,27.6,22.5,27.3,27.3,26.1,25.7,24.9,23.6,22,18.7,15.9,2.1,3.7,0,
119,2002-08-30,25.8,24.1,503,27.8,1625,2.83,.5,914,1,854,1,6.1,50,2005,3.9,50,2011,2,1728,20.9,69,1419,74.4,24.7,1003.2,1009.5,917,1005.2,1726,1006.9,13.1,0,1100,.93,6.06,,,,,,8.5,4.8,25,23.1,25.8,26.4,26,25.9,25.3,23.6,22.1,18.7,16,1,2,7,
119,2002-08-31,22.5,19.9,2122,25.5,148,23.25,1.5,604,5,2054,37.5,27.3,50,2040,15.3,50,2041,6.7,5789,17.7,66,1212,74.1,20.3,995,1005.6,5,990.3,2351,998.8,13,0,1100,.37,2.69,,,,,,10,6.5,21.5,17.4,23.3,24.4,24.5,25.1,25,23.6,22,18.7,15.9,.4,.7,36.5,
119,2002-09-01,22.6,19.1,616,27,1443,8.9,1,30,3,10,5,20.1,20,40,10.2,20,47,3.9,3370,17.6,51,1224,74.6,20.2,996,1007.7,2353,989.6,41,999.8,13,3.2,1200,1.83,9.04,,,,,,7.4,5.4,22.2,17.9,22.7,23.3,23.2,23.8,23.6,23.8,22.4,18.8,16.1,2,3.3,0,
119,2002-09-02,24.5,20.3,214,28.8,1527,,,,,,,6.5,360,1553,2.2,160,901,.7,605,20.9,66,1437,81.1,24.8,1007.3,1012.9,2220,1007.7,0,1011.1,13,1.9,1400,2.12,11.1,,,,,,8.1,3.1,25.5,19.1,24.7,24.7,23.9,23.9,23.6,23.7,22.3,18.8,16.1,1.3,2.4,,
119,2002-09-03,26.2,23.2,201,30.2,1530,,,,,,,3.9,340,929,2.6,340,936,.6,518,22.5,60,1531,80.6,27.2,1009.3,1015,923,1011.9,1548,1013.1,12.9,0,1000,1.54,9.51,,,,,,8.4,7.5,26.5,22.4,26.2,26.1,25,24.8,24.1,23.4,22.3,18.9,16.1,1.3,2.2,,8.08
119,2002-09-04,26.3,23.4,229,30.1,1456,,,,,,,6.2,90,1008,4.6,90,1013,2.2,1901,20.4,56,1243,70.5,24,1010,1015.3,817,1012,1647,1013.8,12.9,4.7,1200,2.29,15.07,,,,,,7.4,4.6,26.7,22.6,26.6,26.6,25.5,25.2,24.4,23.2,22,18.9,16.4,2.2,3.2,.5,
119,2002-09-05,22.7,20.4,2302,25.7,1637,.38,.5,823,.5,,.5,7.6,70,2159,4.8,70,2332,2.3,1987,17.6,61,2357,73,20.3,1008.4,1013.8,1,1010.5,1708,1012.3,12.9,.1,1200,1.06,6.66,,,,,,8.5,5.3,23.3,19.6,24.6,25.3,25,25.2,24.9,23.6,22.3,18.5,16.4,2.3,3.3,,
119,2002-09-06,22.1,19,2359,26.9,1450,,,,,,,10.8,70,1159,6.5,70,1345,4.2,3629,12.8,44,1523,56,14.8,1010.1,1015.8,2242,1011.9,351,1013.9,12.8,6.2,1200,2.9,18.29,,,,,,4.5,4.3,23.1,17.8,23.1,24,23.9,24.3,24.2,23.6,22.1,18.5,16.4,4.8,6,,
119,2002-09-07,22.3,16.6,532,28.2,1547,,,,,,,6.4,90,1129,4.3,90,1113,2.6,2246,12.5,35,1437,55.4,14.6,1011.9,1017.2,731,1014.4,1450,1015.7,12.8,11.8,1200,3.09,23.08,,,,,,0,0,23.7,15.3,24,24.6,23.9,24,23.6,23.4,22.2,18.5,16.4,4.3,6.1,,
119,2002-09-08,22.3,17.7,539,27.6,1500,,,,,,,6.4,250,1602,4.1,250,1633,2.4,2074,15.7,47,1501,67.6,18,1010,1016.1,17,1012,1643,1013.8,12.7,11.3,1100,2.9,21.87,,,,,,1,.9,24.5,16.4,25.1,26,24.8,24.5,23.6,23.2,22.2,18.5,16.4,4,5.7,,
119,2002-09-09,22.3,18.9,420,26.9,1255,1.63,0,,0,,0,6.3,340,1407,3.2,270,1601,1.2,1037,17.7,54,1207,76.4,20.3,1007,1012.5,1,1009.2,1603,1010.8,12.7,3.1,1100,1.95,10.84,,,,,,6.6,6.1,23,18.7,24.4,25.6,25,24.7,24.1,23.4,22.2,18.9,16.5,2.2,3.6,0,
119,2002-09-10,23.4,19.4,559,28.6,1536,,,,,,,5.4,360,1218,3.6,110,920,1.7,1469,14.9,39,1158,60.9,17.1,1008.3,1013.2,2343,1010.9,1519,1012.1,12.7,10.4,1200,2.82,20.38,,,,,,2,1.3,25,16.8,26.2,26.5,25.2,24.7,23.9,23.3,22.2,19.1,16.5,2.7,5.1,,
119,2002-09-11,22.2,18,522,28,1431,,,,,,,5.7,270,1621,3.9,270,1700,1.5,1296,17.8,45,1341,77.6,20.3,1009.5,1014.9,919,1011.8,1535,1013.3,12.6,6.9,1200,2.6,15.45,,,,,,2.9,2.9,24,17.4,25.7,26,25.4,25,24.1,23.4,22.2,19.2,16.4,2.9,4.3,0,6.33
119,2002-09-12,20.5,17.8,2317,24,1337,1.33,0,,0,,0,4.4,250,1449,3.1,250,1458,1.3,1123,16.9,69,1513,80,19.4,1010.4,1015.8,2256,1012.9,1446,1014.2,12.6,0,1300,.89,5.67,,,,,,9.1,5.1,22.1,17.5,24,24.9,24.7,24.8,24.1,23.4,22.2,19.3,15.9,1.5,2.2,0,
119,2002-09-13,19,16.7,537,22.1,1517,,,,,,,4.4,90,722,3,90,704,1.2,1037,14.4,63,1419,74.9,16.5,1011.5,1016.6,918,1014.1,1543,1015.4,12.5,.3,1400,1.37,8.17,,,,,,9.1,5.6,20.9,16.5,22.7,23.5,23.5,23.9,23.5,23.3,22.2,19.2,16.9,1.6,2.3,,
119,2002-09-14,20,18.1,504,23.6,1453,,,,,,,5.4,110,1015,4,90,708,1.8,1555,13.8,51,1442,68.1,15.8,1012.3,1017.2,945,1014.8,1554,1016.1,12.5,1.6,1300,2.17,10.63,,,,,,9,5,21.7,16.6,23.1,23.6,23.2,23.5,23.1,23.1,22.1,19.2,16.8,1.9,2.9,0,
119,2002-09-15,17.4,15.7,2358,18.8,1021,14.7,.5,1325,1.5,1257,5,5,110,1219,3.6,160,1242,1.8,1555,14.2,73,1016,81.4,16.2,1012.7,1018.5,1018,1015.2,2357,1016.6,12.5,0,1300,.53,3.5,,,,,,10,6,18.3,14.7,20.3,21.5,22.2,22.8,22.9,23,22,19.2,16.8,2,3,5.5,
119,2002-09-16,17.5,15.4,257,20.2,1638,5.97,.5,1231,.5,1210,1,7,50,1313,4.4,50,1233,1.8,1555,12.5,56,1830,72.8,14.5,1010.2,1015.5,2355,1012.9,1511,1014.1,12.4,0,1300,1.1,7.18,,,,,,8.8,6,18.6,13.9,19.9,20.6,21.3,22,22.2,22.8,22.1,19.3,17,1.1,1.5,.5,
119,2002-09-17,19.4,12.3,544,25.5,1402,,,,,,,7,70,1430,4.3,50,1451,1.8,1555,10,29,1419,58.8,12.4,1014.3,1020.8,2356,1015.4,12,1018.2,12.4,11,1200,2.94,21.18,,,,,,.3,.3,20.6,10.6,20.7,21.5,21.3,21.8,21.7,22.7,22.2,19.5,16.9,2,3.4,,
119,2002-09-18,19.4,13,452,25.8,1422,,,,,,,5,250,1503,3.5,270,1509,1.1,950,12.1,38,1224,65.9,14.2,1017.9,1022.9,930,1020.5,1538,1021.8,12.3,9.3,1100,2.67,17.62,,,,,,2.5,1.1,20.7,10.6,21.4,22.3,21.8,22,21.6,22.4,22,19.4,16.9,1.9,2.6,,
119,2002-09-19,19.8,14.4,600,25.5,1343,,,,,,,4.9,250,1224,3.4,270,1459,1,864,13.7,32,1645,69.1,15.7,1017.4,1023.1,43,1019.3,1721,1021.3,12.3,6.3,1200,2.1,13.88,,,,,,4.8,1.5,20.4,12.4,21.5,22.4,22.1,22.1,21.7,22.7,22,19.6,16.9,2,3.3,,
119,2002-09-20,19.3,14,613,24.8,1317,,,,,,,4.4,250,1207,3.1,270,1600,.9,778,13.4,39,1457,71,15.4,1014.9,1020.9,8,1016.7,1705,1018.7,12.3,5.1,1000,2.23,13.53,,,,,,2.3,2,20,11.9,21,22.4,22.2,22.3,21.6,22.1,22.8,19.4,17.1,2.4,3.5,,
119,2002-09-21,19.1,15,514,23.2,1353,.72,.2,,.3,1625,.3,4.3,200,1446,3.2,270,1632,1.1,950,14.9,59,1357,77.5,17,1011.8,1017.8,0,1013.5,1540,1015.6,12.2,.9,1200,1.89,10.32,,,,,,6.4,4,20.2,13.7,21.7,22.3,22,22.2,21.6,22.6,22.1,19.6,17.2,1.6,2.5,.3,
119,2002-09-22,18.7,14,2328,24.3,1525,,,,,,,7.5,320,1527,4.5,340,1518,1.3,1123,10,22,1655,61.5,12.6,1008.8,1014.6,932,1010.7,1632,1012.7,12.2,7.6,1300,2.7,17.52,,,,,,2.9,2.6,20.6,11,22.1,22.6,22.1,22.2,21.5,22,21.6,19.6,17.2,3.6,4.2,,
119,2002-09-23,18.3,13.4,427,24.8,1509,,,,,,,6.6,250,1545,4.2,250,1516,1.4,1210,10.4,21,1539,62.6,12.8,1008.5,1014.3,2334,1010.9,1431,1012.4,12.1,10.8,1200,2.86,19.34,,,,,,1.4,1,20,10.5,21.6,22.6,22.2,22.2,21.2,21.8,21.5,19.5,17.1,3.8,4.6,,
119,2002-09-24,18.6,12.9,646,25.7,1503,,,,,,,6.1,250,1554,4,250,1618,1.3,1123,10.4,25,1232,62,12.7,1013.3,1019.6,2353,1014.3,0,1017.2,12.1,10.6,1200,2.67,18.52,,,,,,0,0,19.9,10.7,21.8,22.9,22.4,22.3,21.1,21.7,21.5,19.6,17,2.1,4.8,,
119,2002-09-25,19,11.7,515,26.4,1414,,,,,,,5.6,200,1609,3.6,110,914,1.1,950,11,28,1401,62.8,13.2,1016.3,1021.4,909,1018.9,1519,1020.2,12.1,9.2,1200,2.54,17.19,,,,,,3.4,.5,19.7,9.1,21.7,22.6,22.2,22.2,21,21.7,21.5,19.7,17.2,2.5,4.4,,
119,2002-09-26,20,15.4,554,26.1,1352,,,,,,,5.3,110,1039,3.7,110,1053,1.3,1123,12.3,35,1401,63.3,14.3,1015.7,1021.8,830,1017.4,1658,1019.6,12,7.8,1300,2.49,16.37,,,,,,3.9,2,21,12.8,22.5,23.3,22.7,22.5,21.1,21.6,21.4,19.7,17.2,2.6,4.3,,
119,2002-09-27,19,15,502,24,1335,,,,,,,7.1,110,1613,4.9,110,1605,2.2,1901,12,45,1741,65.5,14.1,1012.4,1018.8,0,1014.5,1617,1016.3,12,6.3,1100,2.25,13.73,,,,,,4.3,2.6,19.2,12.4,21.7,22.8,22.5,22.5,21.1,21.5,21.3,19.6,17.5,2.2,3.7,,
119,2002-09-28,20,15.9,630,25.6,1350,,,,,,,6.8,110,1154,4.4,90,941,2.1,1814,12.4,40,1404,62.1,14.4,1008.7,1014.6,13,1010.6,1549,1012.6,12,6.1,1200,2.59,15.81,,,,,,5.6,4,19.9,13.4,21.7,21.9,22.5,22.2,20.9,21.5,21.3,19.6,17.5,1.8,3.5,3.5,
119,2002-09-29,18,16.2,829,21.8,1312,2.53,9.5,1323,9.5,,19.5,8.1,290,1325,4.6,290,1328,1.8,1555,14.1,55,1313,78.4,16.1,1008.5,1013.6,759,1011.2,1502,1012.3,11.9,3.5,1300,1.84,11.36,,,,,,7.3,5.4,20,14.5,21.1,22.3,22.4,22.4,21.2,21.5,21.3,19.7,17.5,1.5,2.5,16,
119,2002-09-30,18.2,14.7,2352,23,1559,,,,,,,6.1,250,1413,3.9,320,1517,1.4,1210,13.5,49,1440,75.4,15.5,1009.3,1014.6,904,1012,1539,1013.1,11.9,7.8,1000,2.35,16.32,,,,,,4.4,3.3,20.6,12.8,20.4,21.6,21.6,21.9,21,21.4,21.1,19.7,17.5,2.7,3.8,,
119,2002-10-01,17.5,12.6,732,23.1,1248,,,,,,,6.9,250,1529,4.6,270,1537,1.5,1296,13,42,1527,76.9,15,1005.3,1012.9,0,1006.5,1634,1009.2,11.8,8,1100,2.62,15.4,,,,,,4.6,4.3,18.9,11.2,20.5,20.8,21.4,21.5,20.9,21.3,21,19.7,17.5,3,4,7.5,2
119,2002-10-02,15.5,12,2330,19.3,1118,2.53,6.5,155,7,152,7.5,11.3,340,1244,6.7,320,1254,2.7,2333,8.4,30,1145,66.4,11.4,1005.8,1012.4,2226,1006.3,407,1009.7,11.8,8.3,1200,2.86,17.64,,,,,,3.4,2,17.2,9.6,18.6,20.3,20.6,21.1,20.7,21.2,21,19.7,17.5,3.2,4.7,,
119,2002-10-03,15.1,9.8,2356,23.4,1302,.35,0,,0,,0,14.6,270,1323,9.5,250,1327,2.6,2246,7.2,33,1712,60.8,10.4,1007.8,1015.9,2350,1007.4,1318,1011.7,11.7,6.2,1000,1.54,10.81,,,,,,1.9,1.4,14.5,6.9,16.7,18.1,19,20.1,20.3,21.3,21,19.7,17.7,2.1,3.2,0,
119,2002-10-04,13.6,5.6,617,21.6,1556,,,,,,,4.2,250,1520,2.8,200,927,1,864,3.9,17,1624,56.6,8.2,1012.6,1018.4,917,1014.8,1602,1016.6,11.7,10.4,1200,2.68,18.45,,,,,,0,0,15,3.3,16,17.2,18,19.3,19.4,21.1,21,19.7,17.6,2.6,4.1,,
119,2002-10-05,15.6,10.1,116,21,1239,6.2,2,1703,8,1620,18.5,6,140,2118,4.2,140,2123,1.6,1382,10.4,45,1139,73.5,12.9,1011,1016.8,842,1012.3,1516,1014.9,11.7,3.7,1100,1.9,8.87,,,,,,6.5,4,15.2,7.5,16.7,17.6,17.9,18.9,19.1,20.8,21,19.7,17.5,.9,1.6,23.5,
119,2002-10-06,15.5,11.9,2313,19.7,1534,6.78,1,642,1.5,351,5,6.4,270,1558,4,270,1607,1.3,1123,10.4,35,1532,73.9,12.9,1006.9,1013.2,113,1008.8,1535,1010.8,11.6,.9,1500,1.43,8.11,,,,,,8.4,5.3,16.4,10,17.9,18.3,18.1,18.8,19.3,20.9,21.1,19.7,17.5,1,2.3,0,
119,2002-10-07,13.4,9.5,616,18,1355,.08,0,,0,,0,8.3,320,1300,5.1,270,1605,2.1,1814,5.6,38,1248,61.3,9.2,1011.5,1019.7,2344,1010.6,9,1015.5,11.6,7.4,1300,1.88,13.85,,,,,,2.9,2.9,14.6,7.5,16,17,17.6,18.6,19.1,20.5,20.7,19.7,17.8,2.1,3.6,0,
119,2002-10-08,11.7,7.1,2359,16.5,1506,,,,,,,6.8,270,1408,4.1,290,1448,1.9,1642,2,33,1645,53.8,7.1,1018.9,1025.6,2330,1019.7,0,1023,11.6,10.3,1200,2.52,17.25,,,,,,.1,.1,13.1,4.7,14.6,15.9,16.7,17.9,18.4,20.2,20.5,19.7,17.8,2.5,3.6,,
119,2002-10-09,11.9,5.5,550,18.9,1456,,,,,,,7,320,1604,4.1,340,1606,1,864,3.6,29,1353,61.4,8,1023.4,1028.9,1001,1025.5,1,1027.4,11.5,10.1,1200,2.28,15.67,,,,,,0,0,13.1,2.9,14.2,15.3,16,17.3,17.8,19.2,20.4,19.7,17.8,2.4,3.1,,
119,2002-10-10,13.5,6.6,642,20.7,1537,,,,,,,5,140,1142,3.3,110,1205,.9,778,6.7,28,1406,67.4,9.9,1022,1028.8,806,1023.6,2357,1026.1,11.5,9.3,1200,2.41,15.78,,,,,,2.1,0,14.5,4.8,15.3,16.1,16.3,17.3,17.4,18.3,20.2,19.6,17.8,1.7,3.6,,
119,2002-10-11,14.8,8.5,507,20.6,1341,,,,,,,5.6,200,1446,3.7,230,1447,.9,778,9.6,47,1345,73.1,12,1016.7,1023.6,0,1018.9,1840,1020.7,11.4,7.9,1100,2.21,13.98,,,,,,5.5,0,15.6,6.5,16.2,16.9,16.8,17.6,17.6,19.3,20.2,19,18,1.8,3,,
119,2002-10-12,15.7,9.4,522,22.4,1429,,,,,,,5.8,230,1501,4.2,250,1503,1.1,950,10.7,47,1436,74.1,12.9,1012.5,1019,0,1014.9,1443,1016.4,11.4,6.1,1100,2.12,12.94,,,,,,5.4,.6,16.3,7.9,16.8,17.5,17.4,17.9,17.6,19.3,20,19.7,17.8,2.4,3.7,20.5,1.42
119,2002-10-13,15.7,11.5,2359,22.4,1429,1.92,17,741,20.5,656,20.5,8.6,340,745,4.5,340,747,1.3,1123,11.2,47,1622,76.1,13.4,1011.2,1016.5,2310,1014,714,1015.1,11.4,5.9,1200,2.26,12.32,,,,,,4.4,2.9,16.7,9.1,17.6,18.6,17.9,18.3,17.8,19.8,20.3,19.8,18,2.3,3.3,,1.12
119,2002-10-14,13.9,7.7,632,20.5,1515,,,,,,,5.7,270,1513,4.2,250,1522,1.4,1210,8,29,1420,70.9,10.8,1010.5,1017.3,755,1010.2,2342,1014.5,11.3,9.4,1200,2.58,16.39,,,,,,3.4,1.4,15.4,6.3,16.1,17.2,17.4,18,17.9,19.1,19.8,19.7,17.7,2.1,3.7,6,
119,2002-10-15,13.9,10.3,2359,18.7,1531,4.6,1,247,4,231,6,10.2,140,339,6.3,140,341,2.9,2506,8.7,50,1448,72.5,11.3,1009.4,1017.8,2344,1006.8,343,1013.3,11.3,5.4,1300,2.72,14.11,,,,,,5.1,4.4,16,8.3,16.5,17.3,17.2,18,17.8,19.1,19.7,19.7,18,2,3.2,,
119,2002-10-16,13.7,8,616,19.4,1404,,,,,,,5.6,270,1228,3.2,270,1435,1.1,950,8.7,46,1639,74.3,11.3,1015.2,1020.8,900,1017.5,1523,1019.2,11.3,8.4,1200,2.31,14.8,,,,,,.8,.8,15.3,6.4,15.6,16.6,16.8,17.7,17.6,19.1,19.5,19.7,18,1.7,2.9,,
119,2002-10-17,15.7,9.4,422,23.9,1443,,,,,,,4,110,941,3.1,110,946,.6,518,10.1,37,1358,73.1,12.4,1014.4,1021,812,1016.4,1633,1018.3,11.2,9.3,1200,2.27,14.43,,,,,,0,0,16,7.2,16.3,17,16.8,17.6,17.9,18.9,19,19.2,18,1.9,2.6,,
119,2002-10-18,16,11.9,553,19.5,1318,,,,,,,6.5,70,2212,4.4,70,2331,1.1,950,11.8,58,1434,76.6,13.9,1012.4,1017.6,1909,1014.3,1308,1016.3,11.2,0,1200,.68,4.37,,,,,,7.5,2.9,14.7,10.2,16.1,16.9,16.9,17.8,17.5,18.8,19.4,19.7,18,.9,2.2,,
119,2002-10-19,15.3,12.8,2238,17.5,1304,,,,,,,9.7,50,621,6.3,50,1048,4.2,3629,6.3,47,1302,55.6,9.6,1013.8,1019.8,2211,1015.3,310,1017.7,11.1,.7,1000,1.73,6.25,,,,,,9.6,6.5,14,12.1,15.8,16.8,16.9,17.7,17.5,18.9,19.5,19.7,18,1.5,2.5,.2,
119,2002-10-20,13.2,12,657,15.2,1239,6.1,.1,,.2,,.4,7.4,70,1611,5.2,70,1620,2.8,2419,6.2,56,1240,63.1,9.5,1014.5,1020,813,1017.3,1349,1018.4,11.1,0,1100,1.12,5.89,,,,,,9.8,5.1,13.1,11.2,14.8,15.7,16.1,17.2,17.2,18.7,19.3,19.7,18,1.8,2.2,.2,
119,2002-10-21,10.5,4.9,2335,15,1418,2.83,.1,,.1,,.1,9.6,270,1442,6.2,270,1443,2.3,1987,2.1,38,1910,57.4,7.5,1013.2,1019.9,2241,1014.7,1405,1017.2,11.1,3.8,1400,1.84,6.91,,,,,,5.3,2.5,11.7,3,13.7,14.8,15.5,16.8,16.9,18.6,19.2,19.6,18,1.4,2.4,.1,
119,2002-10-22,4.2,.6,651,8.5,1256,,,,,,,9.4,250,1452,5,250,1434,2.6,2246,-7,29,1340,42.6,3.6,1017,1022.6,2333,1019.6,1642,1021.1,11,6.6,1200,2.54,14.95,,,,,,2.6,.4,6,-.5,9.1,11.4,13.3,15.2,16.1,18.4,19.1,19.6,18,,2.5,,
119,2002-10-23,4.4,-.4,530,10.8,1610,,,,,,,4.2,250,1428,3.1,250,1514,.9,778,-5.1,18,1611,53.9,4.3,1016.6,1022.8,840,1018.7,1532,1020.7,11,5.4,1300,2.22,11.21,,,,,,3.8,1.1,5.9,-3.1,8.6,10.3,11.9,14,15.1,18.2,19,19.7,18.1,1.2,2,.3,
119,2002-10-24,8.8,3.5,0,15.3,1515,2.33,2,1904,3.2,1840,3.5,9.6,340,1746,5.5,360,1752,2.2,1901,.1,30,1518,58,6.4,1017.1,1023.2,2358,1019.2,1704,1021.1,10.9,8.2,1200,2.33,14.38,,,,,,3,2.5,9.8,1.6,10.9,11.7,12.4,13.7,14.4,17.7,18.9,19.6,18.1,2.1,3,3.2,
119,2002-10-25,8.1,3.4,618,12.9,1155,1.83,.2,,.3,2253,.3,5.4,340,2343,3.5,340,2349,1.3,1123,3.5,41,1350,74.5,7.9,1018.9,1025.8,908,1019.3,2336,1023,10.9,5.1,1100,2.1,10.47,,,,,,5.4,3.4,9.6,1.7,11.4,12.4,12.9,14.1,14.4,17.3,18.6,19.5,18.1,1.5,2,12.3,5
119,2002-10-26,6.1,3,2246,10,1415,6.67,2,41,5.5,37,12,11.6,340,2200,5.9,340,2204,3.1,2678,-.7,38,1441,63.9,5.9,1012,1019.4,41,1014.6,1507,1016.1,10.9,7.1,1200,2.44,13.92,,,,,,5.8,5,8.8,.5,11,12.2,13.2,14.1,14.3,17.1,18.5,19.5,18.1,1.8,2.7,0,
119,2002-10-27,3.9,1.3,645,7.4,1206,,,,,,,11.6,320,1317,7,320,1250,3.3,2851,-6.3,28,1223,47.4,3.9,1013.3,1018.7,2128,1015.7,0,1017.4,10.8,9.4,1200,2.45,15.36,,,,,,2.4,2.4,5.6,-.9,8.2,9.8,11.4,13.2,13.2,16.9,18.3,19.4,18.1,,3.3,,
119,2002-10-28,3.1,-.6,703,7.1,1448,,,,,,,10.2,320,1358,6,320,1413,3.2,2765,-7.6,30,1208,45,3.5,1016.5,1023.6,2219,1017.9,30,1020.6,10.8,8.7,1200,2.39,14.99,,,,,,.8,.8,4.9,-3.2,7.2,8.7,10.7,12,13.1,16.7,18.2,19.5,18.2,,1.8,,
119,2002-10-29,3.1,-2.7,605,9.3,1437,,,,,,,7.2,270,1512,4.6,250,1514,1.4,1210,-5.4,25,1405,57.5,4.1,1021.1,1027.5,2237,1022.7,53,1025.2,10.8,9.4,1200,2.35,15.3,,,,,,0,0,3.9,-5.3,6.7,8.3,9.6,11.2,12.6,16.3,18,19.4,18.2,,3,,
119,2002-10-30,5.5,-1.7,530,12.4,1526,,,,,,,4.3,90,909,3.3,90,914,1.1,950,-3.9,24,1506,55.4,4.6,1023.3,1029.1,833,1026,1422,1027.4,10.7,6.5,1000,1.74,11.18,,,,,,4.5,.4,5.4,-4.2,7.4,8.6,9.4,11.1,12.1,16,17.9,19.5,18,1.8,2.5,,
119,2002-10-31,9.4,4.5,548,15.7,1214,,,,,,,7.3,340,2359,4.3,340,2359,1.7,1469,.5,32,1149,55.3,6.4,1017.9,1026.7,0,1019.2,2200,1022,10.7,7.9,1200,1.96,12.31,,,,,,5,2.9,8.9,1.5,10.2,10.5,10.7,11.7,12,15.7,17.6,19.4,18.3,2,3.2,,
119,2002-11-01,4.4,.7,2330,8.4,1318,,,,,,,12,320,1325,6.6,320,1434,3.3,2851,-7.2,24,1030,41.9,3.6,1016.2,1022.2,900,1018.4,1506,1020.3,10.7,9.1,1200,2.28,14.56,,,,,,1.3,1.3,6.2,-2.3,8.1,9.7,10.8,12,12.4,15.5,17.4,19.3,18.2,,3.5,,
119,2002-11-02,2.6,-3.1,531,7.4,1246,2.6,,,,,.4,7.4,250,1345,4.7,250,1351,1.8,1555,-2.9,41,958,68.1,5.1,1013,1021,3,1015,1451,1017.1,10.6,4.3,1200,1.93,10.06,,,,,,3.6,2.9,3.7,-5.8,6.4,8.1,9.1,10.9,11.7,15.4,17.1,19.2,18.1,,.6,.4,
119,2002-11-03,2.3,-1,643,6.9,1414,,,,,,,9.3,320,1421,5.6,320,1429,2,1728,-3.8,33,1414,66.6,4.7,1011.6,1018.6,2357,1012.9,1359,1015.7,10.6,3.1,1300,1.89,8.07,,,,,,5.4,5.4,3.8,-3.3,6.8,8,9.2,10.6,11.4,15,16.9,19.4,18,,2.5,,3.52
119,2002-11-04,1.1,-1.5,647,4.3,1323,,,,,,,11.4,320,1130,5.8,290,1138,3.1,2678,-10,25,1626,40.6,2.9,1018.2,1025.8,2356,1018.6,0,1022.3,10.6,9.2,1200,2.33,14.37,,,,,,.3,.3,2.1,-4.2,5.1,6.6,8.1,9.9,10.9,14.9,16.9,19.2,18.2,,2.1,,
119,2002-11-05,2.2,-5,616,8.1,1348,,,,,,,5.9,90,1307,3.2,200,1035,1,864,-7.4,27,1357,52.5,3.6,1023.2,1028.8,840,1025.8,0,1027.3,10.5,8.4,1200,1.99,12.24,,,,,,2.8,2.1,2.9,-7.3,5.2,6.8,7.6,9.3,10.3,14.5,16.6,19.2,18.1,,2.4,,
119,2002-11-06,9.1,2.4,0,15.8,1520,,,,,,,6.7,200,1619,4.1,230,1628,1.7,1469,-1.2,30,1050,49.8,5.8,1022.1,1028.7,846,1023.7,2358,1026.2,10.5,8.6,1200,1.97,11.67,,,,,,4,4,7.4,.3,7.9,8.8,8.6,9.8,10.3,14.1,16.5,19.1,18.3,,2.2,.2,
119,2002-11-07,10,6.1,2351,14.5,1216,.33,,,,,.2,11.2,290,1547,6.5,250,1354,3,2592,4.3,50,2006,68.3,8.5,1012.2,1023.7,0,1011.7,1359,1016.2,10.5,.3,1200,.78,4.35,,,,,,7.5,6.4,9,3.8,10.2,10.7,10.4,11,10.9,14,16.2,19.1,18,,2.1,,
119,2002-11-08,2.2,-.5,2343,6.3,0,2.02,,,,,0,10.3,320,1205,6.1,290,1207,3.4,2938,-7.4,35,2239,46.6,3.6,1012.9,1020.1,2352,1015.1,1411,1017.1,10.4,2.7,1100,1.74,6.82,,,,,,5.3,4,2.2,-2.6,5.9,8.1,9.5,10.7,11,14.9,16.4,19.1,18.2,,1.9,0,
119,2002-11-09,.8,-4.1,713,5.4,1344,,,,,,,8.3,290,1412,5,270,1405,2,1728,-9.3,24,1047,47.5,3.2,1017,1023.5,805,1019.6,1745,1021.2,10.4,9.5,1200,2.16,13.46,,,,,,1.5,1.5,1.9,-5.8,4.4,6,7.6,9.2,10.1,13.9,16.1,18.9,18.2,,2.6,,
119,2002-11-10,7.3,-.4,219,12.1,1353,.37,,,,,0,7.8,250,1315,5,230,1324,2.1,1814,1,50,1416,64.3,6.7,1013.6,1020,0,1014.4,2349,1017.7,10.4,.7,1300,1.21,5.3,,,,,,7.9,6.6,5.6,-3.3,7,7.6,8,9.2,9.6,13.6,15.5,18.8,18.2,,1.1,0,
119,2002-11-11,11.2,3.7,2221,16.4,1327,,,,,,,10.8,270,1457,6.9,270,1457,3.3,2851,5.3,43,2233,67.6,9.3,1007.2,1015.7,2349,1007.4,1416,1011.2,10.3,.4,1200,1.03,5.68,,,,,,6.8,4.6,10.3,3.6,10.9,11.1,10.3,10.6,10.3,13.3,15.6,18.7,18.4,,2.4,,
119,2002-11-12,4.5,1.1,656,7.6,1237,.87,,,,,0,8.2,320,2300,5,320,2307,2.5,2160,-6.8,31,225,43.5,3.7,1014.7,1020.3,2312,1015.7,0,1018.8,10.3,4.7,1200,1.7,9.45,,,,,,2.3,2,4.6,-2,7.4,8.9,9.7,10.7,10.8,13.4,15.8,18.8,18.4,,2.1,0,
119,2002-11-13,.9,-3.9,2333,4.3,1445,1.5,,,,,0,8.8,320,1433,5.2,320,1514,2.3,1987,-10.2,20,950,40.8,2.9,1015.6,1021.4,909,1018.4,1956,1019.8,10.3,4.9,1400,1.57,8.57,,,,,,3,2.6,1.7,-5,5.2,7.1,8.3,9.8,10.2,13.4,15.5,18.7,18.3,,2.3,0,
119,2002-11-14,1.9,-4.2,417,8.2,1303,1.02,,,,,0,10.2,250,1344,6.1,250,1332,2.2,1901,-5,47,1303,61,4.4,1012.5,1018.9,7,1013.5,1620,1016.7,10.2,4.5,1200,1.77,7.5,,,,,,3.1,2.6,1.6,-6.2,4.6,6.1,7.3,8.7,9.5,13.2,15.5,18.7,18.3,,1.7,0,
119,2002-11-15,.4,-4.9,616,4.2,1205,,,,,,,6.7,340,109,4,290,1223,1.7,1469,-12.2,20,1014,36.8,2.4,1017.4,1024.5,2357,1018.7,0,1021.6,10.2,4.6,1100,1.75,8.65,,,,,,4.1,1.8,.7,-6.8,3.7,5.4,7,8.3,8.9,12.9,15,18.3,18,,2.5,,
119,2002-11-16,.9,-5.2,658,5.4,1628,,,,,,,4.1,200,1101,3.1,110,2348,1,864,-10.9,14,1557,40.6,2.7,1020.4,1026.6,1040,1023,2348,1024.6,10.2,8.9,1200,1.84,11.01,,,,,,1.9,.1,1.5,-7.7,4.1,5.2,6.5,7.8,8.5,12.7,15.3,18.6,18.3,,1.2,3,
119,2002-11-17,1.5,-2.2,313,4.8,1323,5.77,,,,,7.5,8.6,320,1501,4.4,290,1510,2.3,1987,-4.9,34,616,63.1,4.4,1017.5,1025,2349,1019.6,701,1021.7,10.1,.4,1400,.58,2.51,,,,,,7.1,6.4,1.5,-5.2,3.9,5.3,6.5,7.7,8.3,12.4,15,18.7,18.3,,1.2,4.5,
119,2002-11-18,-1.7,-5.2,2318,1.1,1407,,,,,,,7.2,320,45,4.1,320,1245,2.4,2074,-11,31,1241,50,2.6,1026.2,1033,2335,1024.8,1,1030.5,10.1,9,1200,2,12.11,,,,,,.4,.4,.7,-7.1,2.7,4.3,5.9,7.1,8,12,14.8,18.4,18.2,,1.5,,
119,2002-11-19,-.3,-7.4,445,4.4,1543,,,,,,,3.9,200,1255,2.5,180,1620,.9,778,-7.4,34,1119,60.1,3.6,1027.5,1033.7,847,1029.8,1646,1031.8,10.1,5.9,1100,1.8,9.89,,,,,,4.6,1.9,.1,-9.1,2.1,3.5,5.2,6.6,7.6,11.6,14.5,18.1,18.6,,2.2,.2,
119,2002-11-20,3.2,1.3,550,4.6,1301,12.4,,,,,3.5,3.6,270,1932,2.6,110,600,.9,778,.1,54,123,79.9,6.2,1024.8,1031.1,221,1027.1,1522,1029,10.1,0,1100,.46,2.2,,,,,,9.9,6.1,3,0,4.7,5.5,6,7,7.5,11.5,14.5,18.3,18.4,,.6,3.3,
119,2002-11-21,.9,-2.5,2357,3.9,1403,,,,,,,4.8,340,340,3.1,270,1516,1.4,1210,-6.6,30,1448,56.8,3.8,1025.5,1032,922,1028.4,1553,1029.8,10,6.6,1100,1.78,9.81,,,,,,4.9,0,1.7,-4.7,4.1,5.4,6.2,7.2,7.6,11.3,14.3,18.2,18.3,,2,,
119,2002-11-22,2.2,-4.9,641,9.5,1500,,,,,,,3.6,90,1044,2.4,90,1107,.6,518,-4.9,29,1530,63.9,4.3,1022.6,1028.9,854,1024.8,1659,1026.8,10,9,1200,1.86,11.44,,,,,,0,0,2.2,-7,3.8,4.9,5.8,6.9,7.5,11.1,14,18.1,18.1,,1.4,,
119,2002-11-23,4.5,-2.1,613,11.6,1434,,,,,,,5.3,320,1340,3,110,1013,.9,778,-1.8,38,1438,66.6,5.4,1018.9,1026,0,1021,1757,1023,10,8.1,1200,1.75,10.33,,,,,,1.6,0,3.2,-4.8,4.6,5.6,6.1,7,7.2,11,14,18.1,18.2,,1.4,,
119,2002-11-24,3.3,.6,2359,8.3,1252,,,,,,,5.5,270,1526,4,250,1327,1.3,1123,-.5,60,1325,76.1,5.9,1015.6,1021.9,233,1018.7,2216,1019.8,10,.5,1200,1.04,4.49,,,,,,5.6,1.8,3,-2.9,5.1,6.1,6.6,7.5,7.6,10.9,13.9,18,18.2,,1,,
119,2002-11-25,.8,-2.8,2343,4.8,1410,,,,,,,6,270,1350,4,250,1529,1.6,1382,-5.6,41,1237,62.8,4.1,1015.8,1020.7,933,1019,0,1020,9.9,9,1200,1.83,10.72,,,,,,0,0,1.5,-5.9,3.7,4.9,6,7.1,7.4,10.7,13.6,17.9,18.1,,2.1,,
119,2002-11-26,-1.2,-4.8,406,2.1,1446,3.47,,,,,.4,6.7,320,1834,3.9,320,1843,1.4,1210,-5.7,60,2255,72.4,4.1,1015.6,1023.1,2342,1018,1349,1019.8,9.9,.6,1400,.82,3.48,,,,,,4.5,2.8,-.8,-7.1,2.1,3.6,5.2,6.5,7,10.6,13.5,17.8,18.1,,.6,.4,
119,2002-11-27,-1.9,-5.6,716,2.7,1332,,,,,,,6.3,320,1233,4,320,1250,1.9,1642,-11.8,23,1238,49,2.5,1021.3,1027.7,2350,1023.2,0,1025.7,9.9,9.2,1200,1.9,11.38,,,,,,0,0,.4,-6.8,1.4,3,4.5,5.8,6.6,10.5,13.4,18,18,,2.1,,
119,2002-11-28,.6,-5.9,503,4.8,1508,,,,,,,4.8,90,1328,3.4,90,850,1.3,1123,-6.8,40,1346,59,3.7,1022.5,1028.7,1029,1025.4,1504,1026.8,9.9,2.8,1300,1.15,5.65,,,,,,6,4.3,.7,-7.8,1.5,2.7,4.1,5.5,6,10.3,13.3,17.6,18.2,,1.8,0,
119,2002-11-29,5.3,1.7,1655,8.9,1219,1.8,,,,,.2,5.9,270,1814,4,270,1815,1.5,1296,1.3,57,5,76.1,6.8,1019.7,1026,35,1022.4,1435,1023.9,9.8,0,1200,.37,1.7,,,,,,8,5.8,4.5,-.2,4.9,5.4,5.3,5.9,6.2,10.1,13.1,17.6,18,,.6,.2,1.42
119,2002-11-30,2.2,-3,2346,5.8,1411,,,,,,,5.2,340,153,2.9,340,156,1.3,1123,-5.7,18,1429,60.1,4.2,1019.4,1025.4,928,1021.9,1524,1023.7,9.8,8.5,1200,1.68,10.1,,,,,,0,0,2.7,-5.7,4.3,5.2,5.8,6.6,7.1,9.3,12.9,17.5,18,,2,,1.17
119,2002-12-01,1.7,-5.1,629,7.9,1420,,,,,,,4,230,1130,2.4,180,1137,.6,518,-5.8,31,1352,61.5,4,1019.3,1025.3,2358,1021.9,1507,1023.6,9.8,7.2,1200,1.64,9.32,,,,,,2.5,1.5,2,-7.1,3.2,4.2,5.1,6.2,6.6,9.7,13,17.5,18.1,,1.5,,
119,2002-12-02,4.5,-.6,551,10.4,1443,,,,,,,4.9,110,1009,3.8,110,1016,.8,691,-2.8,37,1507,61.8,5,1022.4,1027.7,925,1025.3,0,1026.7,9.8,7.2,1200,1.61,8.95,,,,,,2.4,1.4,3.8,-3.8,4.4,5.2,5.6,6.4,6.5,9.8,12.7,17.4,18.1,,1.5,,
119,2002-12-03,5.9,-1,431,9.8,1409,2.7,,,,,0,5.4,70,1633,3.8,70,1639,1.7,1469,-2.9,36,1647,56.1,5,1018.1,1026.7,230,1016.9,2348,1022.3,9.8,1.2,1000,.83,4.6,,,,,,7.9,3,3.4,-4.3,4.2,5.2,5.7,6.5,6.6,9.6,12.5,17.2,18,,1.4,1,
119,2002-12-04,8.8,4.9,529,15.1,1305,4.67,,,,,1,6.9,290,1410,4.2,320,1419,1.4,1210,2.2,29,1130,66.8,7.2,1012.2,1018.4,2400,1014.5,1304,1016.3,9.7,7.3,1200,1.7,9.28,,,,,,4.9,3.8,8.6,3.4,7.4,7.7,7,7.2,6.8,9.6,12.5,17.2,18,,2.2,,
119,2002-12-05,6,.8,2338,8.8,1103,,,,,,,5.9,270,1520,4.2,270,1157,2,1728,.6,46,1559,69.6,6.6,1017.3,1025.4,2344,1018.3,8,1021.5,9.7,.1,1200,1.11,6.86,,,,,,8.5,4.3,6.9,-2.3,7.6,8.3,7.9,8.2,7.6,9.5,12.2,17.2,18,,2,,
119,2002-12-06,4.4,-.5,547,9.1,1426,,,,,,,4.1,270,1638,2.9,270,1641,1.1,950,-1.4,53,1159,66.6,5.5,1020.8,1026.7,927,1023.5,1351,1025.1,9.7,.1,1100,.94,4.53,,,,,,7.1,4.8,4.1,-2.9,5.6,6.4,6.9,7.7,7.6,9.8,12.3,17.1,18,,.8,0,
119,2002-12-07,4.2,1.5,257,6.6,1456,1.5,,,,,0,5.3,70,2122,3.9,70,2214,1.8,1555,-2.2,50,2244,63.8,5.2,1021,1026.6,2229,1024,1331,1025.2,9.7,0,1200,.57,2.68,,,,,,8.5,5.4,3.7,-.4,5.5,6.4,6.8,7.6,7.6,9.8,12.2,17,17.9,,1,1,
119,2002-12-08,.5,-3.4,2359,3.6,0,18.13,,,,,8.5,7,320,2347,4.4,70,248,2.6,2246,-2.7,50,0,80.8,5.1,1021.1,1028.2,949,1023,1707,1025.4,9.7,0,1100,.47,2.29,2.4,2242,2.4,2242,2.4,9.6,7.9,1.7,-3.7,4.4,5.5,6.3,7.3,7.5,9.9,12.1,16.8,17.9,,1,7.5,
119,2002-12-09,-5.6,-8.4,130,-2.7,1441,,,,,,,6.9,320,1345,4.3,340,2205,2.7,2333,-15.9,30,1531,48.8,1.8,1023,1028.7,2144,1025.3,0,1027.4,9.7,8.6,1200,2.02,12.17,,,2.4,0,,0,0,-2.1,-9.2,1.5,3.6,5.1,6.4,7.1,9.8,12.2,16.7,17.8,,1.6,,
119,2002-12-10,-6.6,-9.7,752,-3.9,1415,2.67,,,,,0,6.5,320,1103,4.2,320,1051,2.1,1814,-17.5,23,1104,45.8,1.6,1024.3,1031.1,1027,1027.3,353,1028.8,9.7,8,1200,1.87,10.59,,,,,,2,1.5,-3.3,-10.5,-.6,1.6,3.7,5.3,6.3,9.8,12.3,16.7,18,,.8,0,
119,2002-12-11,-5.6,-9,750,-2.3,1437,.3,,,,,0,7.8,320,1354,4.1,320,1503,1.7,1469,-18.5,18,1105,40,1.5,1025.5,1031.6,2010,1027.6,358,1030,9.7,8.7,1200,1.84,10.8,,,,,,1.3,1,-3,-10.2,-.6,.9,2.9,4.5,5.5,9.5,12.1,16.7,17.9,,1.7,,
119,2002-12-12,-5,-7.9,2238,-1.3,1311,,,,,,,6.6,320,1245,4,290,1431,1.4,1210,-15.2,24,1316,50.4,1.9,1028.1,1034.9,2259,1030.4,412,1032.5,9.7,8.5,1200,1.79,10.35,,,,,,1.6,1.6,-1.8,-10.5,-.6,.7,2.6,4,4.8,9.1,12,16.6,17.7,,1.5,,
119,2002-12-13,-5.5,-10.4,522,-.6,1450,,,,,,,4,250,1450,2.1,270,1455,.6,518,-14.8,27,1405,54.4,2,1031.8,1037.2,1020,1034.7,10,1036.3,9.6,8.5,1200,1.69,10.16,,,,,,0,0,-1.9,-11.8,-1,.3,2,3.7,4.7,9,11.6,16.3,17.8,,1.3,,
119,2002-12-14,-1.9,-9.1,542,3.1,1443,,,,,,,3.3,200,1109,2.5,200,1116,.9,778,-8.8,41,1350,61.3,3.2,1030,1036.6,0,1032.3,2351,1034.4,9.6,4.5,1000,1.21,7.08,,,,,,5.1,3.3,-.2,-10.9,-1.1,.1,1.7,3.4,4.2,8.5,11.7,16.5,17.8,,1.4,,
119,2002-12-15,3.7,-.4,546,8.1,1347,1.73,,,,,.2,5.7,110,1610,3.9,90,1633,2,1728,-2.8,46,1538,62.1,5,1023.3,1032.4,2,1021.4,2359,1027.6,9.6,3.3,1200,1.46,7.2,,,,,,9,6.6,3.1,-1.6,.3,1.1,2.2,3.4,4,8.2,11.5,16.4,17.7,,1.4,1.2,
119,2002-12-16,4.2,1.3,2233,7.8,1113,5.23,,,,,1,9.6,270,1342,5.7,270,1442,2.8,2419,1.6,72,2222,82.9,7,1013.1,1023.3,2358,1013.9,1308,1017.3,9.6,0,1100,.15,.75,,,,,,10,6.1,2.6,0,4,4.3,4.1,4.3,4.7,8,11.2,16.2,17.6,,.5,0,2.67
119,2002-12-17,1.5,-.8,2256,4.3,1357,,,,,,,5.3,140,1046,3.9,110,1050,1.1,950,-2.7,59,1354,73.5,5,1021.3,1028.6,939,1023.3,0,1025.6,9.6,1.6,1300,1.4,5.02,,,,,,8.6,2.9,1.9,-4.2,3.5,4.1,4.4,5,5.2,8.2,11.3,16.2,17.6,,1.2,,
119,2002-12-18,2.3,-1.9,158,6.1,1232,,,,,,,4.6,320,1245,3.2,340,1904,1,864,-2.5,52,1851,71.5,5.1,1020.7,1026.8,2303,1023.4,1619,1025,9.6,2.8,1100,1.1,5.98,,,,,,7.4,3.4,1.8,-4.8,3,3.8,4.4,5.1,5.4,8.1,11,16.2,17.8,,1.2,,
119,2002-12-19,2,-2.2,2400,7.4,1405,,,,,,,4.7,290,1514,3,290,1450,1.3,1123,-7.6,25,1521,49.5,3.5,1023.7,1030,2339,1026.2,50,1028,9.6,8.2,1200,1.63,9.2,,,,,,1.6,0,2.7,-5.5,3.1,4.1,4.6,5.2,5.5,8,10.8,16.1,17.6,,2.1,,
119,2002-12-20,1.6,-6.3,438,8.9,1435,,,,,,,5.7,90,1511,3.8,90,1552,1.1,950,-5.4,36,1252,63.6,4.2,1024.5,1031.3,918,1026.7,2354,1028.8,9.6,6.6,1200,1.52,8.59,,,,,,4,0,1.6,-8,2.7,3.2,4.1,5,5.2,8,10.7,16,17.5,,2.5,,
119,2002-12-21,5.1,-.6,559,11.2,1448,,,,,,,6,70,2112,3.9,70,2140,1.3,1123,-3.1,30,1452,58.4,4.9,1021.3,1026.9,2349,1023.6,1452,1025.6,9.6,3.7,1300,1.36,7.03,,,,,,3.3,1.1,3.9,-4.5,3.5,4,4.4,5,5.1,7.9,10.8,16,17.5,,1.6,,
119,2002-12-22,6,2.3,653,9.8,1329,,,,,,,7.3,110,1228,5.3,110,1230,2.6,2246,-3.3,38,1349,53,4.8,1022.6,1028.8,902,1025,1447,1026.8,9.6,7,1200,1.87,9.74,,,,,,4.3,2.9,5,-.5,4.5,5.1,5,5.5,5.4,8,10.5,15.9,17.6,,2.4,,
119,2002-12-23,5.4,3.9,2358,7.3,1135,7.75,,,,,4.5,5.5,270,2209,3.9,90,1224,2.2,1901,-.5,55,129,66.6,6,1019.5,1026.8,936,1021.9,2049,1023.8,9.6,0,1100,1.05,3.75,,,,,,9.6,6.4,4.7,1,4.9,5.5,5.7,6,5.7,8,10.5,15.7,17.5,,.2,4.8,
119,2002-12-24,1.5,.2,2342,4,0,2.43,,,,,.3,5.5,320,638,3.4,270,37,1.9,1642,-2.4,58,1537,74.6,5.2,1018.4,1024.2,1018,1021.6,37,1022.7,9.6,0,1300,.62,3.08,,,,,,10,4.5,2.8,-.6,4.8,5.5,5.7,6.2,6.1,8,10.5,15.7,17.5,,1.4,1,
119,2002-12-25,-3.2,-7.9,2300,.4,29,8.65,,,,,1.1,6.7,320,1118,4.2,320,702,2.3,1987,-9.1,54,1157,66.9,3.1,1020.1,1029.3,2118,1020,555,1024.5,9.6,1.8,1100,1.43,5.69,1.4,1015,1.4,1015,1.4,7,6.3,-1,-8,2.8,3.8,4.8,5.7,5.7,7.8,10.4,15.6,17.4,,1.1,.1,
119,2002-12-26,-6.5,-9.9,704,-2.6,1520,,,,,,,5.7,320,2108,3.7,340,2117,1.9,1642,-18.3,31,1103,41.8,1.5,1025.2,1031.4,949,1027.9,1456,1029.7,9.6,8.6,1200,1.77,10.46,,,,,,0,0,-2.7,-10,-.1,1.7,3.5,4.7,5.4,8.2,10.5,15.7,17.5,,2,,
119,2002-12-27,-5.5,-9.2,802,-.9,1505,,,,,,,5,320,1335,3.6,320,1336,1.1,950,-14.7,29,1524,52.5,2,1025.6,1032.2,1033,1027.7,2400,1030,9.6,8.6,1200,1.71,10.25,,,,,,0,0,-1.6,-10.9,-.8,.6,2.4,3.9,4.6,8,10.4,15.7,17.4,,1.5,0,
119,2002-12-28,-2.1,-8.3,0,2.5,1417,2.23,,,,,0,5.6,320,2009,3.5,320,2045,1.3,1123,-7.4,44,2248,68,3.6,1019.1,1027.7,0,1021,1411,1023.5,9.6,2.1,1200,1.27,5.92,,,,,,6.1,5.5,-.9,-10.3,-.5,.2,1.9,3.4,4,7.8,11.4,15.7,17.2,,1.2,0,
119,2002-12-29,-4.3,-8.6,641,.7,1521,,,,,,,4.1,320,49,3,320,58,.9,778,-12.3,28,1458,57.5,2.4,1021.9,1028.2,942,1023.9,0,1026.3,9.6,8.5,1200,1.69,9.79,,,,,,.3,0,-.6,-9.9,-.4,.4,1.9,3.1,3.8,7.7,12.2,15.4,17.2,,1.2,,
119,2002-12-30,-3.5,-9.5,505,1.5,1445,1.92,,,,,.3,3.9,250,1445,2.5,270,1623,.6,518,-10,39,1343,65.4,2.9,1020.3,1026.7,940,1022.8,1418,1024.6,9.6,8.1,1100,1.62,9.8,.6,2400,.6,2400,.6,2.6,1.9,-.8,-11.5,-.5,0,1.6,2.9,3.5,7.3,11.2,15.4,17.2,,.8,.6,
119,2002-12-31,-2.6,-5.4,724,.9,1437,3,,,,,.3,5.1,250,1459,3.4,250,1523,1.2,1037,-8.7,44,1326,65.4,3.2,1020,1026,2342,1022.9,1419,1024.3,9.6,5,1100,1.21,7.42,.6,242,1.2,242,.6,3.6,3.1,-.1,-7.9,-.3,.4,1.6,2.8,3.3,7.1,10.2,15.3,17.1,,2.2,,
